productType,variantId,sku,prices,tax,categories,images,name.en,description.en,slug.en,metaTitle.en,metaDescription.en,metaKeywords.en,name.de,description.de,slug.de,metaTitle.de,metaDescription.de,metaKeywords.de,name.it,description.it,slug.it,metaTitle.it,metaDescription.it,metaKeywords.it,creationDate,articleNumberManufacturer,articleNumberMax,matrixId,baseId,designer,madeInItaly,completeTheLook,commonSize,size,color,colorFreeDefinition.en,details.en,colorFreeDefinition.de,details.de,colorFreeDefinition.it,details.it,style,gender,season,isOnStock,isLook,lookProducts,seasonNew,variantKey,excludedInStore,publish
main,1,M0E0000000001,EUR 17000;USD 18700,standard,Sale>Men>Shoes;Men>Shoes>Sneakers,https://s3-eu-west-1.amazonaws.com/commercetools-maximilian/products/079560_1_large.jpg,Sneakers New Balance multi,,newbalance-sneakers-MT980BB-multi,,,,Sneakers New Balance multi,,newbalance-sneakers-MT980BB-multi,,,,,,,,,,,MT980 BB,79560,M0E20000000E1AZ,79560,newbalance,no,,39,5,black,multi,,multi,,,,business,men,s15,,,,,M0E0000000001,uk,TRUE
,2,M0E0000000002,EUR 15000;USD 16500,standard,,https://s3-eu-west-1.amazonaws.com/commercetools-maximilian/products/079560_1_large.jpg,,,,,,,,,,,,,,,,,,,,MT980 BB,79560,M0E20000000E1AZ,79560,newbalance,no,,39,5,black,multi,,multi,,,,sporty,men,s15,,,,,M0E0000000002,uk,TRUE
,3,M0E0000000003,EUR 18000;USD 19800,standard,,https://s3-eu-west-1.amazonaws.com/commercetools-maximilian/products/079560_1_large.jpg,,,,,,,,,,,,,,,,,,,,MT980 BB,79560,M0E20000000E1AZ,79560,newbalance,no,,39,5,black,multi,,multi,,,,evening,men,s15,,,,,M0E0000000003,uk,TRUE
,4,M0E0000000004,EUR 17000;USD 18700,standard,,https://s3-eu-west-1.amazonaws.com/commercetools-maximilian/products/079560_1_large.jpg,,,,,,,,,,,,,,,,,,,,MT980 BB,79560,M0E20000000E1AZ,79560,newbalance,no,,39,5,grey,multi,,multi,,,,business,men,s15,,,,,M0E0000000004,uk,TRUE
,5,M0E0000000005,EUR 15000;USD 16500,standard,,https://s3-eu-west-1.amazonaws.com/commercetools-maximilian/products/079560_1_large.jpg,,,,,,,,,,,,,,,,,,,,MT980 BB,79560,M0E20000000E1AZ,79560,newbalance,no,,39,5,grey,multi,,multi,,,,sporty,men,s15,,,,,M0E0000000005,uk,TRUE
,6,M0E0000000006,EUR 18000;USD 19800,standard,,https://s3-eu-west-1.amazonaws.com/commercetools-maximilian/products/079560_1_large.jpg,,,,,,,,,,,,,,,,,,,,MT980 BB,79560,M0E20000000E1AZ,79560,newbalance,no,,39,5,grey,multi,,multi,,,,evening,men,s15,,,,,M0E0000000006,uk,TRUE
,7,M0E0000000007,EUR 17000;USD 18700,standard,,https://s3-eu-west-1.amazonaws.com/commercetools-maximilian/products/079560_1_large.jpg,,,,,,,,,,,,,,,,,,,,MT980 BB,79560,M0E20000000E1AZ,79560,newbalance,no,,39,5,beige,multi,,multi,,,,business,men,s15,,,,,M0E0000000007,uk,TRUE
,8,M0E0000000008,EUR 15000;USD 16500,standard,,https://s3-eu-west-1.amazonaws.com/commercetools-maximilian/products/079560_1_large.jpg,,,,,,,,,,,,,,,,,,,,MT980 BB,79560,M0E20000000E1AZ,79560,newbalance,no,,39,5,beige,multi,,multi,,,,sporty,men,s15,,,,,M0E0000000008,uk,TRUE
,9,M0E0000000009,EUR 18000;USD 19800,standard,,https://s3-eu-west-1.amazonaws.com/commercetools-maximilian/products/079560_1_large.jpg,,,,,,,,,,,,,,,,,,,,MT980 BB,79560,M0E20000000E1AZ,79560,newbalance,no,,39,5,beige,multi,,multi,,,,evening,men,s15,,,,,M0E0000000009,uk,TRUE
,10,M0E0000000010,EUR 17000;USD 18700,standard,,https://s3-eu-west-1.amazonaws.com/commercetools-maximilian/products/079560_1_large.jpg,,,,,,,,,,,,,,,,,,,,MT980 BB,79560,M0E20000000E1AZ,79560,newbalance,no,,39,5,white,multi,,multi,,,,business,men,s15,,,,,M0E0000000010,uk,TRUE
,11,M0E0000000011,EUR 15000;USD 16500,standard,,https://s3-eu-west-1.amazonaws.com/commercetools-maximilian/products/079560_1_large.jpg,,,,,,,,,,,,,,,,,,,,MT980 BB,79560,M0E20000000E1AZ,79560,newbalance,no,,39,5,white,multi,,multi,,,,sporty,men,s15,,,,,M0E0000000011,uk,TRUE
,12,M0E0000000012,EUR 18000;USD 19800,standard,,https://s3-eu-west-1.amazonaws.com/commercetools-maximilian/products/079560_1_large.jpg,,,,,,,,,,,,,,,,,,,,MT980 BB,79560,M0E20000000E1AZ,79560,newbalance,no,,39,5,white,multi,,multi,,,,evening,men,s15,,,,,M0E0000000012,uk,TRUE
,13,M0E0000000013,EUR 17000;USD 18700,standard,,https://s3-eu-west-1.amazonaws.com/commercetools-maximilian/products/079560_1_large.jpg,,,,,,,,,,,,,,,,,,,,MT980 BB,79560,M0E20000000E1AZ,79560,newbalance,no,,39,5,blue,multi,,multi,,,,business,men,s15,,,,,M0E0000000013,uk,TRUE
,14,M0E0000000014,EUR 15000;USD 16500,standard,,https://s3-eu-west-1.amazonaws.com/commercetools-maximilian/products/079560_1_large.jpg,,,,,,,,,,,,,,,,,,,,MT980 BB,79560,M0E20000000E1AZ,79560,newbalance,no,,39,5,blue,multi,,multi,,,,sporty,men,s15,,,,,M0E0000000014,uk,TRUE
,15,M0E0000000015,EUR 18000;USD 19800,standard,,https://s3-eu-west-1.amazonaws.com/commercetools-maximilian/products/079560_1_large.jpg,,,,,,,,,,,,,,,,,,,,MT980 BB,79560,M0E20000000E1AZ,79560,newbalance,no,,39,5,blue,multi,,multi,,,,evening,men,s15,,,,,M0E0000000015,uk,TRUE
,16,M0E0000000016,EUR 17000;USD 18700,standard,,https://s3-eu-west-1.amazonaws.com/commercetools-maximilian/products/079560_1_large.jpg,,,,,,,,,,,,,,,,,,,,MT980 BB,79560,M0E20000000E1AZ,79560,newbalance,no,,39,5,brown,multi,,multi,,,,business,men,s15,,,,,M0E0000000016,uk,TRUE
,17,M0E0000000017,EUR 15000;USD 16500,standard,,https://s3-eu-west-1.amazonaws.com/commercetools-maximilian/products/079560_1_large.jpg,,,,,,,,,,,,,,,,,,,,MT980 BB,79560,M0E20000000E1AZ,79560,newbalance,no,,39,5,brown,multi,,multi,,,,sporty,men,s15,,,,,M0E0000000017,uk,TRUE
,18,M0E0000000018,EUR 18000;USD 19800,standard,,https://s3-eu-west-1.amazonaws.com/commercetools-maximilian/products/079560_1_large.jpg,,,,,,,,,,,,,,,,,,,,MT980 BB,79560,M0E20000000E1AZ,79560,newbalance,no,,39,5,brown,multi,,multi,,,,evening,men,s15,,,,,M0E0000000018,uk,TRUE
,19,M0E0000000019,EUR 17000;USD 18700,standard,,https://s3-eu-west-1.amazonaws.com/commercetools-maximilian/products/079560_1_large.jpg,,,,,,,,,,,,,,,,,,,,MT980 BB,79560,M0E20000000E1AZ,79560,newbalance,no,,39,5,turquoise,multi,,multi,,,,business,men,s15,,,,,M0E0000000019,uk,TRUE
,20,M0E0000000020,EUR 15000;USD 16500,standard,,https://s3-eu-west-1.amazonaws.com/commercetools-maximilian/products/079560_1_large.jpg,,,,,,,,,,,,,,,,,,,,MT980 BB,79560,M0E20000000E1AZ,79560,newbalance,no,,39,5,turquoise,multi,,multi,,,,sporty,men,s15,,,,,M0E0000000020,uk,TRUE
,21,M0E0000000021,EUR 18000;USD 19800,standard,,https://s3-eu-west-1.amazonaws.com/commercetools-maximilian/products/079560_1_large.jpg,,,,,,,,,,,,,,,,,,,,MT980 BB,79560,M0E20000000E1AZ,79560,newbalance,no,,39,5,turquoise,multi,,multi,,,,evening,men,s15,,,,,M0E0000000021,uk,TRUE
,22,M0E0000000022,EUR 17000;USD 18700,standard,,https://s3-eu-west-1.amazonaws.com/commercetools-maximilian/products/079560_1_large.jpg,,,,,,,,,,,,,,,,,,,,MT980 BB,79560,M0E20000000E1AZ,79560,newbalance,no,,39,5,petrol,multi,,multi,,,,business,men,s15,,,,,M0E0000000022,uk,TRUE
,23,M0E0000000023,EUR 15000;USD 16500,standard,,https://s3-eu-west-1.amazonaws.com/commercetools-maximilian/products/079560_1_large.jpg,,,,,,,,,,,,,,,,,,,,MT980 BB,79560,M0E20000000E1AZ,79560,newbalance,no,,39,5,petrol,multi,,multi,,,,sporty,men,s15,,,,,M0E0000000023,uk,TRUE
,24,M0E0000000024,EUR 18000;USD 19800,standard,,https://s3-eu-west-1.amazonaws.com/commercetools-maximilian/products/079560_1_large.jpg,,,,,,,,,,,,,,,,,,,,MT980 BB,79560,M0E20000000E1AZ,79560,newbalance,no,,39,5,petrol,multi,,multi,,,,evening,men,s15,,,,,M0E0000000024,uk,TRUE
,25,M0E0000000025,EUR 17000;USD 18700,standard,,https://s3-eu-west-1.amazonaws.com/commercetools-maximilian/products/079560_1_large.jpg,,,,,,,,,,,,,,,,,,,,MT980 BB,79560,M0E20000000E1AZ,79560,newbalance,no,,39,5,green,multi,,multi,,,,business,men,s15,,,,,M0E0000000025,uk,TRUE
,26,M0E0000000026,EUR 15000;USD 16500,standard,,https://s3-eu-west-1.amazonaws.com/commercetools-maximilian/products/079560_1_large.jpg,,,,,,,,,,,,,,,,,,,,MT980 BB,79560,M0E20000000E1AZ,79560,newbalance,no,,39,5,green,multi,,multi,,,,sporty,men,s15,,,,,M0E0000000026,uk,TRUE
,27,M0E0000000027,EUR 18000;USD 19800,standard,,https://s3-eu-west-1.amazonaws.com/commercetools-maximilian/products/079560_1_large.jpg,,,,,,,,,,,,,,,,,,,,MT980 BB,79560,M0E20000000E1AZ,79560,newbalance,no,,39,5,green,multi,,multi,,,,evening,men,s15,,,,,M0E0000000027,uk,TRUE
,28,M0E0000000028,EUR 17000;USD 18700,standard,,https://s3-eu-west-1.amazonaws.com/commercetools-maximilian/products/079560_1_large.jpg,,,,,,,,,,,,,,,,,,,,MT980 BB,79560,M0E20000000E1AZ,79560,newbalance,no,,39,5,red,multi,,multi,,,,business,men,s15,,,,,M0E0000000028,uk,TRUE
,29,M0E0000000029,EUR 15000;USD 16500,standard,,https://s3-eu-west-1.amazonaws.com/commercetools-maximilian/products/079560_1_large.jpg,,,,,,,,,,,,,,,,,,,,MT980 BB,79560,M0E20000000E1AZ,79560,newbalance,no,,39,5,red,multi,,multi,,,,sporty,men,s15,,,,,M0E0000000029,uk,TRUE
,30,M0E0000000030,EUR 18000;USD 19800,standard,,https://s3-eu-west-1.amazonaws.com/commercetools-maximilian/products/079560_1_large.jpg,,,,,,,,,,,,,,,,,,,,MT980 BB,79560,M0E20000000E1AZ,79560,newbalance,no,,39,5,red,multi,,multi,,,,evening,men,s15,,,,,M0E0000000030,uk,TRUE
,31,M0E0000000031,EUR 17000;USD 18700,,,https://s3-eu-west-1.amazonaws.com/commercetools-maximilian/products/079560_1_large.jpg,,,,,,,,,,,,,,,,,,,,MT980 BB,79560,M0E20000000E1B0,79560,newbalance,no,,39.5,5.5,black,multi,,multi,,,,business,men,s15,,,,,M0E0000000031,,TRUE
,32,M0E0000000032,EUR 15000;USD 16500,,,https://s3-eu-west-1.amazonaws.com/commercetools-maximilian/products/079560_1_large.jpg,,,,,,,,,,,,,,,,,,,,MT980 BB,79560,M0E20000000E1B0,79560,newbalance,no,,39.5,5.5,black,multi,,multi,,,,sporty,men,s15,,,,,M0E0000000032,,TRUE
,33,M0E0000000033,EUR 18000;USD 19800,,,https://s3-eu-west-1.amazonaws.com/commercetools-maximilian/products/079560_1_large.jpg,,,,,,,,,,,,,,,,,,,,MT980 BB,79560,M0E20000000E1B0,79560,newbalance,no,,39.5,5.5,black,multi,,multi,,,,evening,men,s15,,,,,M0E0000000033,,TRUE
,34,M0E0000000034,EUR 17000;USD 18700,,,https://s3-eu-west-1.amazonaws.com/commercetools-maximilian/products/079560_1_large.jpg,,,,,,,,,,,,,,,,,,,,MT980 BB,79560,M0E20000000E1B0,79560,newbalance,no,,39.5,5.5,grey,multi,,multi,,,,business,men,s15,,,,,M0E0000000034,,TRUE
,35,M0E0000000035,EUR 15000;USD 16500,,,https://s3-eu-west-1.amazonaws.com/commercetools-maximilian/products/079560_1_large.jpg,,,,,,,,,,,,,,,,,,,,MT980 BB,79560,M0E20000000E1B0,79560,newbalance,no,,39.5,5.5,grey,multi,,multi,,,,sporty,men,s15,,,,,M0E0000000035,,TRUE
,36,M0E0000000036,EUR 18000;USD 19800,,,https://s3-eu-west-1.amazonaws.com/commercetools-maximilian/products/079560_1_large.jpg,,,,,,,,,,,,,,,,,,,,MT980 BB,79560,M0E20000000E1B0,79560,newbalance,no,,39.5,5.5,grey,multi,,multi,,,,evening,men,s15,,,,,M0E0000000036,,TRUE
,37,M0E0000000037,EUR 17000;USD 18700,,,https://s3-eu-west-1.amazonaws.com/commercetools-maximilian/products/079560_1_large.jpg,,,,,,,,,,,,,,,,,,,,MT980 BB,79560,M0E20000000E1B0,79560,newbalance,no,,39.5,5.5,beige,multi,,multi,,,,business,men,s15,,,,,M0E0000000037,,TRUE
,38,M0E0000000038,EUR 15000;USD 16500,,,https://s3-eu-west-1.amazonaws.com/commercetools-maximilian/products/079560_1_large.jpg,,,,,,,,,,,,,,,,,,,,MT980 BB,79560,M0E20000000E1B0,79560,newbalance,no,,39.5,5.5,beige,multi,,multi,,,,sporty,men,s15,,,,,M0E0000000038,,TRUE
,39,M0E0000000039,EUR 18000;USD 19800,,,https://s3-eu-west-1.amazonaws.com/commercetools-maximilian/products/079560_1_large.jpg,,,,,,,,,,,,,,,,,,,,MT980 BB,79560,M0E20000000E1B0,79560,newbalance,no,,39.5,5.5,beige,multi,,multi,,,,evening,men,s15,,,,,M0E0000000039,,TRUE
,40,M0E0000000040,EUR 17000;USD 18700,,,https://s3-eu-west-1.amazonaws.com/commercetools-maximilian/products/079560_1_large.jpg,,,,,,,,,,,,,,,,,,,,MT980 BB,79560,M0E20000000E1B0,79560,newbalance,no,,39.5,5.5,white,multi,,multi,,,,business,men,s15,,,,,M0E0000000040,,TRUE
,41,M0E0000000041,EUR 15000;USD 16500,,,https://s3-eu-west-1.amazonaws.com/commercetools-maximilian/products/079560_1_large.jpg,,,,,,,,,,,,,,,,,,,,MT980 BB,79560,M0E20000000E1B0,79560,newbalance,no,,39.5,5.5,white,multi,,multi,,,,sporty,men,s15,,,,,M0E0000000041,,TRUE
,42,M0E0000000042,EUR 18000;USD 19800,,,https://s3-eu-west-1.amazonaws.com/commercetools-maximilian/products/079560_1_large.jpg,,,,,,,,,,,,,,,,,,,,MT980 BB,79560,M0E20000000E1B0,79560,newbalance,no,,39.5,5.5,white,multi,,multi,,,,evening,men,s15,,,,,M0E0000000042,,TRUE
,43,M0E0000000043,EUR 17000;USD 18700,,,https://s3-eu-west-1.amazonaws.com/commercetools-maximilian/products/079560_1_large.jpg,,,,,,,,,,,,,,,,,,,,MT980 BB,79560,M0E20000000E1B0,79560,newbalance,no,,39.5,5.5,blue,multi,,multi,,,,business,men,s15,,,,,M0E0000000043,,TRUE
,44,M0E0000000044,EUR 15000;USD 16500,,,https://s3-eu-west-1.amazonaws.com/commercetools-maximilian/products/079560_1_large.jpg,,,,,,,,,,,,,,,,,,,,MT980 BB,79560,M0E20000000E1B0,79560,newbalance,no,,39.5,5.5,blue,multi,,multi,,,,sporty,men,s15,,,,,M0E0000000044,,TRUE
,45,M0E0000000045,EUR 18000;USD 19800,,,https://s3-eu-west-1.amazonaws.com/commercetools-maximilian/products/079560_1_large.jpg,,,,,,,,,,,,,,,,,,,,MT980 BB,79560,M0E20000000E1B0,79560,newbalance,no,,39.5,5.5,blue,multi,,multi,,,,evening,men,s15,,,,,M0E0000000045,,TRUE
,46,M0E0000000046,EUR 17000;USD 18700,,,https://s3-eu-west-1.amazonaws.com/commercetools-maximilian/products/079560_1_large.jpg,,,,,,,,,,,,,,,,,,,,MT980 BB,79560,M0E20000000E1B0,79560,newbalance,no,,39.5,5.5,brown,multi,,multi,,,,business,men,s15,,,,,M0E0000000046,,TRUE
,47,M0E0000000047,EUR 15000;USD 16500,,,https://s3-eu-west-1.amazonaws.com/commercetools-maximilian/products/079560_1_large.jpg,,,,,,,,,,,,,,,,,,,,MT980 BB,79560,M0E20000000E1B0,79560,newbalance,no,,39.5,5.5,brown,multi,,multi,,,,sporty,men,s15,,,,,M0E0000000047,,TRUE
,48,M0E0000000048,EUR 18000;USD 19800,,,https://s3-eu-west-1.amazonaws.com/commercetools-maximilian/products/079560_1_large.jpg,,,,,,,,,,,,,,,,,,,,MT980 BB,79560,M0E20000000E1B0,79560,newbalance,no,,39.5,5.5,brown,multi,,multi,,,,evening,men,s15,,,,,M0E0000000048,,TRUE
,49,M0E0000000049,EUR 17000;USD 18700,,,https://s3-eu-west-1.amazonaws.com/commercetools-maximilian/products/079560_1_large.jpg,,,,,,,,,,,,,,,,,,,,MT980 BB,79560,M0E20000000E1B0,79560,newbalance,no,,39.5,5.5,turquoise,multi,,multi,,,,business,men,s15,,,,,M0E0000000049,,TRUE
,50,M0E0000000050,EUR 15000;USD 16500,,,https://s3-eu-west-1.amazonaws.com/commercetools-maximilian/products/079560_1_large.jpg,,,,,,,,,,,,,,,,,,,,MT980 BB,79560,M0E20000000E1B0,79560,newbalance,no,,39.5,5.5,turquoise,multi,,multi,,,,sporty,men,s15,,,,,M0E0000000050,,TRUE
,51,M0E0000000051,EUR 18000;USD 19800,,,https://s3-eu-west-1.amazonaws.com/commercetools-maximilian/products/079560_1_large.jpg,,,,,,,,,,,,,,,,,,,,MT980 BB,79560,M0E20000000E1B0,79560,newbalance,no,,39.5,5.5,turquoise,multi,,multi,,,,evening,men,s15,,,,,M0E0000000051,,TRUE
,52,M0E0000000052,EUR 17000;USD 18700,,,https://s3-eu-west-1.amazonaws.com/commercetools-maximilian/products/079560_1_large.jpg,,,,,,,,,,,,,,,,,,,,MT980 BB,79560,M0E20000000E1B0,79560,newbalance,no,,39.5,5.5,petrol,multi,,multi,,,,business,men,s15,,,,,M0E0000000052,,TRUE
,53,M0E0000000053,EUR 15000;USD 16500,,,https://s3-eu-west-1.amazonaws.com/commercetools-maximilian/products/079560_1_large.jpg,,,,,,,,,,,,,,,,,,,,MT980 BB,79560,M0E20000000E1B0,79560,newbalance,no,,39.5,5.5,petrol,multi,,multi,,,,sporty,men,s15,,,,,M0E0000000053,,TRUE
,54,M0E0000000054,EUR 18000;USD 19800,,,https://s3-eu-west-1.amazonaws.com/commercetools-maximilian/products/079560_1_large.jpg,,,,,,,,,,,,,,,,,,,,MT980 BB,79560,M0E20000000E1B0,79560,newbalance,no,,39.5,5.5,petrol,multi,,multi,,,,evening,men,s15,,,,,M0E0000000054,,TRUE
,55,M0E0000000055,EUR 17000;USD 18700,,,https://s3-eu-west-1.amazonaws.com/commercetools-maximilian/products/079560_1_large.jpg,,,,,,,,,,,,,,,,,,,,MT980 BB,79560,M0E20000000E1B0,79560,newbalance,no,,39.5,5.5,green,multi,,multi,,,,business,men,s15,,,,,M0E0000000055,,TRUE
,56,M0E0000000056,EUR 15000;USD 16500,,,https://s3-eu-west-1.amazonaws.com/commercetools-maximilian/products/079560_1_large.jpg,,,,,,,,,,,,,,,,,,,,MT980 BB,79560,M0E20000000E1B0,79560,newbalance,no,,39.5,5.5,green,multi,,multi,,,,sporty,men,s15,,,,,M0E0000000056,,TRUE
,57,M0E0000000057,EUR 18000;USD 19800,,,https://s3-eu-west-1.amazonaws.com/commercetools-maximilian/products/079560_1_large.jpg,,,,,,,,,,,,,,,,,,,,MT980 BB,79560,M0E20000000E1B0,79560,newbalance,no,,39.5,5.5,green,multi,,multi,,,,evening,men,s15,,,,,M0E0000000057,,TRUE
,58,M0E0000000058,EUR 17000;USD 18700,,,https://s3-eu-west-1.amazonaws.com/commercetools-maximilian/products/079560_1_large.jpg,,,,,,,,,,,,,,,,,,,,MT980 BB,79560,M0E20000000E1B0,79560,newbalance,no,,39.5,5.5,red,multi,,multi,,,,business,men,s15,,,,,M0E0000000058,,TRUE
,59,M0E0000000059,EUR 15000;USD 16500,,,https://s3-eu-west-1.amazonaws.com/commercetools-maximilian/products/079560_1_large.jpg,,,,,,,,,,,,,,,,,,,,MT980 BB,79560,M0E20000000E1B0,79560,newbalance,no,,39.5,5.5,red,multi,,multi,,,,sporty,men,s15,,,,,M0E0000000059,,TRUE
,60,M0E0000000060,EUR 18000;USD 19800,,,https://s3-eu-west-1.amazonaws.com/commercetools-maximilian/products/079560_1_large.jpg,,,,,,,,,,,,,,,,,,,,MT980 BB,79560,M0E20000000E1B0,79560,newbalance,no,,39.5,5.5,red,multi,,multi,,,,evening,men,s15,,,,,M0E0000000060,,TRUE
,61,M0E0000000061,EUR 17000;USD 18700,,,https://s3-eu-west-1.amazonaws.com/commercetools-maximilian/products/079560_1_large.jpg,,,,,,,,,,,,,,,,,,,,MT980 BB,79560,M0E20000000E1B1,79560,newbalance,no,,40,6,black,multi,,multi,,,,business,men,s15,,,,,M0E0000000061,,TRUE
,62,M0E0000000062,EUR 15000;USD 16500,,,https://s3-eu-west-1.amazonaws.com/commercetools-maximilian/products/079560_1_large.jpg,,,,,,,,,,,,,,,,,,,,MT980 BB,79560,M0E20000000E1B1,79560,newbalance,no,,40,6,black,multi,,multi,,,,sporty,men,s15,,,,,M0E0000000062,,TRUE
,63,M0E0000000063,EUR 18000;USD 19800,,,https://s3-eu-west-1.amazonaws.com/commercetools-maximilian/products/079560_1_large.jpg,,,,,,,,,,,,,,,,,,,,MT980 BB,79560,M0E20000000E1B1,79560,newbalance,no,,40,6,black,multi,,multi,,,,evening,men,s15,,,,,M0E0000000063,,TRUE
,64,M0E0000000064,EUR 17000;USD 18700,,,https://s3-eu-west-1.amazonaws.com/commercetools-maximilian/products/079560_1_large.jpg,,,,,,,,,,,,,,,,,,,,MT980 BB,79560,M0E20000000E1B1,79560,newbalance,no,,40,6,grey,multi,,multi,,,,business,men,s15,,,,,M0E0000000064,,TRUE
,65,M0E0000000065,EUR 15000;USD 16500,,,https://s3-eu-west-1.amazonaws.com/commercetools-maximilian/products/079560_1_large.jpg,,,,,,,,,,,,,,,,,,,,MT980 BB,79560,M0E20000000E1B1,79560,newbalance,no,,40,6,grey,multi,,multi,,,,sporty,men,s15,,,,,M0E0000000065,,TRUE
,66,M0E0000000066,EUR 18000;USD 19800,,,https://s3-eu-west-1.amazonaws.com/commercetools-maximilian/products/079560_1_large.jpg,,,,,,,,,,,,,,,,,,,,MT980 BB,79560,M0E20000000E1B1,79560,newbalance,no,,40,6,grey,multi,,multi,,,,evening,men,s15,,,,,M0E0000000066,,TRUE
,67,M0E0000000067,EUR 17000;USD 18700,,,https://s3-eu-west-1.amazonaws.com/commercetools-maximilian/products/079560_1_large.jpg,,,,,,,,,,,,,,,,,,,,MT980 BB,79560,M0E20000000E1B1,79560,newbalance,no,,40,6,beige,multi,,multi,,,,business,men,s15,,,,,M0E0000000067,,TRUE
,68,M0E0000000068,EUR 15000;USD 16500,,,https://s3-eu-west-1.amazonaws.com/commercetools-maximilian/products/079560_1_large.jpg,,,,,,,,,,,,,,,,,,,,MT980 BB,79560,M0E20000000E1B1,79560,newbalance,no,,40,6,beige,multi,,multi,,,,sporty,men,s15,,,,,M0E0000000068,,TRUE
,69,M0E0000000069,EUR 18000;USD 19800,,,https://s3-eu-west-1.amazonaws.com/commercetools-maximilian/products/079560_1_large.jpg,,,,,,,,,,,,,,,,,,,,MT980 BB,79560,M0E20000000E1B1,79560,newbalance,no,,40,6,beige,multi,,multi,,,,evening,men,s15,,,,,M0E0000000069,,TRUE
,70,M0E0000000070,EUR 17000;USD 18700,,,https://s3-eu-west-1.amazonaws.com/commercetools-maximilian/products/079560_1_large.jpg,,,,,,,,,,,,,,,,,,,,MT980 BB,79560,M0E20000000E1B1,79560,newbalance,no,,40,6,white,multi,,multi,,,,business,men,s15,,,,,M0E0000000070,,TRUE
,71,M0E0000000071,EUR 15000;USD 16500,,,https://s3-eu-west-1.amazonaws.com/commercetools-maximilian/products/079560_1_large.jpg,,,,,,,,,,,,,,,,,,,,MT980 BB,79560,M0E20000000E1B1,79560,newbalance,no,,40,6,white,multi,,multi,,,,sporty,men,s15,,,,,M0E0000000071,,TRUE
,72,M0E0000000072,EUR 18000;USD 19800,,,https://s3-eu-west-1.amazonaws.com/commercetools-maximilian/products/079560_1_large.jpg,,,,,,,,,,,,,,,,,,,,MT980 BB,79560,M0E20000000E1B1,79560,newbalance,no,,40,6,white,multi,,multi,,,,evening,men,s15,,,,,M0E0000000072,,TRUE
,73,M0E0000000073,EUR 17000;USD 18700,,,https://s3-eu-west-1.amazonaws.com/commercetools-maximilian/products/079560_1_large.jpg,,,,,,,,,,,,,,,,,,,,MT980 BB,79560,M0E20000000E1B1,79560,newbalance,no,,40,6,blue,multi,,multi,,,,business,men,s15,,,,,M0E0000000073,,TRUE
,74,M0E0000000074,EUR 15000;USD 16500,,,https://s3-eu-west-1.amazonaws.com/commercetools-maximilian/products/079560_1_large.jpg,,,,,,,,,,,,,,,,,,,,MT980 BB,79560,M0E20000000E1B1,79560,newbalance,no,,40,6,blue,multi,,multi,,,,sporty,men,s15,,,,,M0E0000000074,,TRUE
,75,M0E0000000075,EUR 18000;USD 19800,,,https://s3-eu-west-1.amazonaws.com/commercetools-maximilian/products/079560_1_large.jpg,,,,,,,,,,,,,,,,,,,,MT980 BB,79560,M0E20000000E1B1,79560,newbalance,no,,40,6,blue,multi,,multi,,,,evening,men,s15,,,,,M0E0000000075,,TRUE
,76,M0E0000000076,EUR 17000;USD 18700,,,https://s3-eu-west-1.amazonaws.com/commercetools-maximilian/products/079560_1_large.jpg,,,,,,,,,,,,,,,,,,,,MT980 BB,79560,M0E20000000E1B1,79560,newbalance,no,,40,6,brown,multi,,multi,,,,business,men,s15,,,,,M0E0000000076,,TRUE
,77,M0E0000000077,EUR 15000;USD 16500,,,https://s3-eu-west-1.amazonaws.com/commercetools-maximilian/products/079560_1_large.jpg,,,,,,,,,,,,,,,,,,,,MT980 BB,79560,M0E20000000E1B1,79560,newbalance,no,,40,6,brown,multi,,multi,,,,sporty,men,s15,,,,,M0E0000000077,,TRUE
,78,M0E0000000078,EUR 18000;USD 19800,,,https://s3-eu-west-1.amazonaws.com/commercetools-maximilian/products/079560_1_large.jpg,,,,,,,,,,,,,,,,,,,,MT980 BB,79560,M0E20000000E1B1,79560,newbalance,no,,40,6,brown,multi,,multi,,,,evening,men,s15,,,,,M0E0000000078,,TRUE
,79,M0E0000000079,EUR 17000;USD 18700,,,https://s3-eu-west-1.amazonaws.com/commercetools-maximilian/products/079560_1_large.jpg,,,,,,,,,,,,,,,,,,,,MT980 BB,79560,M0E20000000E1B1,79560,newbalance,no,,40,6,turquoise,multi,,multi,,,,business,men,s15,,,,,M0E0000000079,,TRUE
,80,M0E0000000080,EUR 15000;USD 16500,,,https://s3-eu-west-1.amazonaws.com/commercetools-maximilian/products/079560_1_large.jpg,,,,,,,,,,,,,,,,,,,,MT980 BB,79560,M0E20000000E1B1,79560,newbalance,no,,40,6,turquoise,multi,,multi,,,,sporty,men,s15,,,,,M0E0000000080,,TRUE
,81,M0E0000000081,EUR 18000;USD 19800,,,https://s3-eu-west-1.amazonaws.com/commercetools-maximilian/products/079560_1_large.jpg,,,,,,,,,,,,,,,,,,,,MT980 BB,79560,M0E20000000E1B1,79560,newbalance,no,,40,6,turquoise,multi,,multi,,,,evening,men,s15,,,,,M0E0000000081,,TRUE
,82,M0E0000000082,EUR 17000;USD 18700,,,https://s3-eu-west-1.amazonaws.com/commercetools-maximilian/products/079560_1_large.jpg,,,,,,,,,,,,,,,,,,,,MT980 BB,79560,M0E20000000E1B1,79560,newbalance,no,,40,6,petrol,multi,,multi,,,,business,men,s15,,,,,M0E0000000082,,TRUE
,83,M0E0000000083,EUR 15000;USD 16500,,,https://s3-eu-west-1.amazonaws.com/commercetools-maximilian/products/079560_1_large.jpg,,,,,,,,,,,,,,,,,,,,MT980 BB,79560,M0E20000000E1B1,79560,newbalance,no,,40,6,petrol,multi,,multi,,,,sporty,men,s15,,,,,M0E0000000083,,TRUE
,84,M0E0000000084,EUR 18000;USD 19800,,,https://s3-eu-west-1.amazonaws.com/commercetools-maximilian/products/079560_1_large.jpg,,,,,,,,,,,,,,,,,,,,MT980 BB,79560,M0E20000000E1B1,79560,newbalance,no,,40,6,petrol,multi,,multi,,,,evening,men,s15,,,,,M0E0000000084,,TRUE
,85,M0E0000000085,EUR 17000;USD 18700,,,https://s3-eu-west-1.amazonaws.com/commercetools-maximilian/products/079560_1_large.jpg,,,,,,,,,,,,,,,,,,,,MT980 BB,79560,M0E20000000E1B1,79560,newbalance,no,,40,6,green,multi,,multi,,,,business,men,s15,,,,,M0E0000000085,,TRUE
,86,M0E0000000086,EUR 15000;USD 16500,,,https://s3-eu-west-1.amazonaws.com/commercetools-maximilian/products/079560_1_large.jpg,,,,,,,,,,,,,,,,,,,,MT980 BB,79560,M0E20000000E1B1,79560,newbalance,no,,40,6,green,multi,,multi,,,,sporty,men,s15,,,,,M0E0000000086,,TRUE
,87,M0E0000000087,EUR 18000;USD 19800,,,https://s3-eu-west-1.amazonaws.com/commercetools-maximilian/products/079560_1_large.jpg,,,,,,,,,,,,,,,,,,,,MT980 BB,79560,M0E20000000E1B1,79560,newbalance,no,,40,6,green,multi,,multi,,,,evening,men,s15,,,,,M0E0000000087,,TRUE
,88,M0E0000000088,EUR 17000;USD 18700,,,https://s3-eu-west-1.amazonaws.com/commercetools-maximilian/products/079560_1_large.jpg,,,,,,,,,,,,,,,,,,,,MT980 BB,79560,M0E20000000E1B1,79560,newbalance,no,,40,6,red,multi,,multi,,,,business,men,s15,,,,,M0E0000000088,,TRUE
,89,M0E0000000089,EUR 15000;USD 16500,,,https://s3-eu-west-1.amazonaws.com/commercetools-maximilian/products/079560_1_large.jpg,,,,,,,,,,,,,,,,,,,,MT980 BB,79560,M0E20000000E1B1,79560,newbalance,no,,40,6,red,multi,,multi,,,,sporty,men,s15,,,,,M0E0000000089,,TRUE
,90,M0E0000000090,EUR 18000;USD 19800,,,https://s3-eu-west-1.amazonaws.com/commercetools-maximilian/products/079560_1_large.jpg,,,,,,,,,,,,,,,,,,,,MT980 BB,79560,M0E20000000E1B1,79560,newbalance,no,,40,6,red,multi,,multi,,,,evening,men,s15,,,,,M0E0000000090,,TRUE
,91,M0E0000000091,EUR 17000;USD 18700,,,https://s3-eu-west-1.amazonaws.com/commercetools-maximilian/products/079560_1_large.jpg,,,,,,,,,,,,,,,,,,,,MT980 BB,79560,M0E20000000E1B2,79560,newbalance,no,,40.5,6.5,black,multi,,multi,,,,business,men,s15,,,,,M0E0000000091,,TRUE
,92,M0E0000000092,EUR 15000;USD 16500,,,https://s3-eu-west-1.amazonaws.com/commercetools-maximilian/products/079560_1_large.jpg,,,,,,,,,,,,,,,,,,,,MT980 BB,79560,M0E20000000E1B2,79560,newbalance,no,,40.5,6.5,black,multi,,multi,,,,sporty,men,s15,,,,,M0E0000000092,,TRUE
,93,M0E0000000093,EUR 18000;USD 19800,,,https://s3-eu-west-1.amazonaws.com/commercetools-maximilian/products/079560_1_large.jpg,,,,,,,,,,,,,,,,,,,,MT980 BB,79560,M0E20000000E1B2,79560,newbalance,no,,40.5,6.5,black,multi,,multi,,,,evening,men,s15,,,,,M0E0000000093,,TRUE
,94,M0E0000000094,EUR 17000;USD 18700,,,https://s3-eu-west-1.amazonaws.com/commercetools-maximilian/products/079560_1_large.jpg,,,,,,,,,,,,,,,,,,,,MT980 BB,79560,M0E20000000E1B2,79560,newbalance,no,,40.5,6.5,grey,multi,,multi,,,,business,men,s15,,,,,M0E0000000094,,TRUE
,95,M0E0000000095,EUR 15000;USD 16500,,,https://s3-eu-west-1.amazonaws.com/commercetools-maximilian/products/079560_1_large.jpg,,,,,,,,,,,,,,,,,,,,MT980 BB,79560,M0E20000000E1B2,79560,newbalance,no,,40.5,6.5,grey,multi,,multi,,,,sporty,men,s15,,,,,M0E0000000095,,TRUE
,96,M0E0000000096,EUR 18000;USD 19800,,,https://s3-eu-west-1.amazonaws.com/commercetools-maximilian/products/079560_1_large.jpg,,,,,,,,,,,,,,,,,,,,MT980 BB,79560,M0E20000000E1B2,79560,newbalance,no,,40.5,6.5,grey,multi,,multi,,,,evening,men,s15,,,,,M0E0000000096,,TRUE
,97,M0E0000000097,EUR 17000;USD 18700,,,https://s3-eu-west-1.amazonaws.com/commercetools-maximilian/products/079560_1_large.jpg,,,,,,,,,,,,,,,,,,,,MT980 BB,79560,M0E20000000E1B2,79560,newbalance,no,,40.5,6.5,beige,multi,,multi,,,,business,men,s15,,,,,M0E0000000097,,TRUE
,98,M0E0000000098,EUR 15000;USD 16500,,,https://s3-eu-west-1.amazonaws.com/commercetools-maximilian/products/079560_1_large.jpg,,,,,,,,,,,,,,,,,,,,MT980 BB,79560,M0E20000000E1B2,79560,newbalance,no,,40.5,6.5,beige,multi,,multi,,,,sporty,men,s15,,,,,M0E0000000098,,TRUE
,99,M0E0000000099,EUR 18000;USD 19800,,,https://s3-eu-west-1.amazonaws.com/commercetools-maximilian/products/079560_1_large.jpg,,,,,,,,,,,,,,,,,,,,MT980 BB,79560,M0E20000000E1B2,79560,newbalance,no,,40.5,6.5,beige,multi,,multi,,,,evening,men,s15,,,,,M0E0000000099,,TRUE
,100,M0E0000000100,EUR 17000;USD 18700,,,https://s3-eu-west-1.amazonaws.com/commercetools-maximilian/products/079560_1_large.jpg,,,,,,,,,,,,,,,,,,,,MT980 BB,79560,M0E20000000E1B2,79560,newbalance,no,,40.5,6.5,white,multi,,multi,,,,business,men,s15,,,,,M0E0000000100,,TRUE
,101,M0E0000000101,EUR 15000;USD 16500,,,https://s3-eu-west-1.amazonaws.com/commercetools-maximilian/products/079560_1_large.jpg,,,,,,,,,,,,,,,,,,,,MT980 BB,79560,M0E20000000E1B2,79560,newbalance,no,,40.5,6.5,white,multi,,multi,,,,sporty,men,s15,,,,,M0E0000000101,,TRUE
,102,M0E0000000102,EUR 18000;USD 19800,,,https://s3-eu-west-1.amazonaws.com/commercetools-maximilian/products/079560_1_large.jpg,,,,,,,,,,,,,,,,,,,,MT980 BB,79560,M0E20000000E1B2,79560,newbalance,no,,40.5,6.5,white,multi,,multi,,,,evening,men,s15,,,,,M0E0000000102,,TRUE
,103,M0E0000000103,EUR 17000;USD 18700,,,https://s3-eu-west-1.amazonaws.com/commercetools-maximilian/products/079560_1_large.jpg,,,,,,,,,,,,,,,,,,,,MT980 BB,79560,M0E20000000E1B2,79560,newbalance,no,,40.5,6.5,blue,multi,,multi,,,,business,men,s15,,,,,M0E0000000103,,TRUE
,104,M0E0000000104,EUR 15000;USD 16500,,,https://s3-eu-west-1.amazonaws.com/commercetools-maximilian/products/079560_1_large.jpg,,,,,,,,,,,,,,,,,,,,MT980 BB,79560,M0E20000000E1B2,79560,newbalance,no,,40.5,6.5,blue,multi,,multi,,,,sporty,men,s15,,,,,M0E0000000104,,TRUE
,105,M0E0000000105,EUR 18000;USD 19800,,,https://s3-eu-west-1.amazonaws.com/commercetools-maximilian/products/079560_1_large.jpg,,,,,,,,,,,,,,,,,,,,MT980 BB,79560,M0E20000000E1B2,79560,newbalance,no,,40.5,6.5,blue,multi,,multi,,,,evening,men,s15,,,,,M0E0000000105,,TRUE
,106,M0E0000000106,EUR 17000;USD 18700,,,https://s3-eu-west-1.amazonaws.com/commercetools-maximilian/products/079560_1_large.jpg,,,,,,,,,,,,,,,,,,,,MT980 BB,79560,M0E20000000E1B2,79560,newbalance,no,,40.5,6.5,brown,multi,,multi,,,,business,men,s15,,,,,M0E0000000106,,TRUE
,107,M0E0000000107,EUR 15000;USD 16500,,,https://s3-eu-west-1.amazonaws.com/commercetools-maximilian/products/079560_1_large.jpg,,,,,,,,,,,,,,,,,,,,MT980 BB,79560,M0E20000000E1B2,79560,newbalance,no,,40.5,6.5,brown,multi,,multi,,,,sporty,men,s15,,,,,M0E0000000107,,TRUE
,108,M0E0000000108,EUR 18000;USD 19800,,,https://s3-eu-west-1.amazonaws.com/commercetools-maximilian/products/079560_1_large.jpg,,,,,,,,,,,,,,,,,,,,MT980 BB,79560,M0E20000000E1B2,79560,newbalance,no,,40.5,6.5,brown,multi,,multi,,,,evening,men,s15,,,,,M0E0000000108,,TRUE
,109,M0E0000000109,EUR 17000;USD 18700,,,https://s3-eu-west-1.amazonaws.com/commercetools-maximilian/products/079560_1_large.jpg,,,,,,,,,,,,,,,,,,,,MT980 BB,79560,M0E20000000E1B2,79560,newbalance,no,,40.5,6.5,turquoise,multi,,multi,,,,business,men,s15,,,,,M0E0000000109,,TRUE
,110,M0E0000000110,EUR 15000;USD 16500,,,https://s3-eu-west-1.amazonaws.com/commercetools-maximilian/products/079560_1_large.jpg,,,,,,,,,,,,,,,,,,,,MT980 BB,79560,M0E20000000E1B2,79560,newbalance,no,,40.5,6.5,turquoise,multi,,multi,,,,sporty,men,s15,,,,,M0E0000000110,,TRUE
,111,M0E0000000111,EUR 18000;USD 19800,,,https://s3-eu-west-1.amazonaws.com/commercetools-maximilian/products/079560_1_large.jpg,,,,,,,,,,,,,,,,,,,,MT980 BB,79560,M0E20000000E1B2,79560,newbalance,no,,40.5,6.5,turquoise,multi,,multi,,,,evening,men,s15,,,,,M0E0000000111,,TRUE
,112,M0E0000000112,EUR 17000;USD 18700,,,https://s3-eu-west-1.amazonaws.com/commercetools-maximilian/products/079560_1_large.jpg,,,,,,,,,,,,,,,,,,,,MT980 BB,79560,M0E20000000E1B2,79560,newbalance,no,,40.5,6.5,petrol,multi,,multi,,,,business,men,s15,,,,,M0E0000000112,,TRUE
,113,M0E0000000113,EUR 15000;USD 16500,,,https://s3-eu-west-1.amazonaws.com/commercetools-maximilian/products/079560_1_large.jpg,,,,,,,,,,,,,,,,,,,,MT980 BB,79560,M0E20000000E1B2,79560,newbalance,no,,40.5,6.5,petrol,multi,,multi,,,,sporty,men,s15,,,,,M0E0000000113,,TRUE
,114,M0E0000000114,EUR 18000;USD 19800,,,https://s3-eu-west-1.amazonaws.com/commercetools-maximilian/products/079560_1_large.jpg,,,,,,,,,,,,,,,,,,,,MT980 BB,79560,M0E20000000E1B2,79560,newbalance,no,,40.5,6.5,petrol,multi,,multi,,,,evening,men,s15,,,,,M0E0000000114,,TRUE
,115,M0E0000000115,EUR 17000;USD 18700,,,https://s3-eu-west-1.amazonaws.com/commercetools-maximilian/products/079560_1_large.jpg,,,,,,,,,,,,,,,,,,,,MT980 BB,79560,M0E20000000E1B2,79560,newbalance,no,,40.5,6.5,green,multi,,multi,,,,business,men,s15,,,,,M0E0000000115,,TRUE
,116,M0E0000000116,EUR 15000;USD 16500,,,https://s3-eu-west-1.amazonaws.com/commercetools-maximilian/products/079560_1_large.jpg,,,,,,,,,,,,,,,,,,,,MT980 BB,79560,M0E20000000E1B2,79560,newbalance,no,,40.5,6.5,green,multi,,multi,,,,sporty,men,s15,,,,,M0E0000000116,,TRUE
,117,M0E0000000117,EUR 18000;USD 19800,,,https://s3-eu-west-1.amazonaws.com/commercetools-maximilian/products/079560_1_large.jpg,,,,,,,,,,,,,,,,,,,,MT980 BB,79560,M0E20000000E1B2,79560,newbalance,no,,40.5,6.5,green,multi,,multi,,,,evening,men,s15,,,,,M0E0000000117,,TRUE
,118,M0E0000000118,EUR 17000;USD 18700,,,https://s3-eu-west-1.amazonaws.com/commercetools-maximilian/products/079560_1_large.jpg,,,,,,,,,,,,,,,,,,,,MT980 BB,79560,M0E20000000E1B2,79560,newbalance,no,,40.5,6.5,red,multi,,multi,,,,business,men,s15,,,,,M0E0000000118,,TRUE
,119,M0E0000000119,EUR 15000;USD 16500,,,https://s3-eu-west-1.amazonaws.com/commercetools-maximilian/products/079560_1_large.jpg,,,,,,,,,,,,,,,,,,,,MT980 BB,79560,M0E20000000E1B2,79560,newbalance,no,,40.5,6.5,red,multi,,multi,,,,sporty,men,s15,,,,,M0E0000000119,,TRUE
,120,M0E0000000120,EUR 18000;USD 19800,,,https://s3-eu-west-1.amazonaws.com/commercetools-maximilian/products/079560_1_large.jpg,,,,,,,,,,,,,,,,,,,,MT980 BB,79560,M0E20000000E1B2,79560,newbalance,no,,40.5,6.5,red,multi,,multi,,,,evening,men,s15,,,,,M0E0000000120,,TRUE
,121,M0E0000000121,EUR 17000;USD 18700,,,https://s3-eu-west-1.amazonaws.com/commercetools-maximilian/products/079560_1_large.jpg,,,,,,,,,,,,,,,,,,,,MT980 BB,79560,M0E20000000E1B3,79560,newbalance,no,,41,7,black,multi,,multi,,,,business,men,s15,,,,,M0E0000000121,,TRUE
,122,M0E0000000122,EUR 15000;USD 16500,,,https://s3-eu-west-1.amazonaws.com/commercetools-maximilian/products/079560_1_large.jpg,,,,,,,,,,,,,,,,,,,,MT980 BB,79560,M0E20000000E1B3,79560,newbalance,no,,41,7,black,multi,,multi,,,,sporty,men,s15,,,,,M0E0000000122,,TRUE
,123,M0E0000000123,EUR 18000;USD 19800,,,https://s3-eu-west-1.amazonaws.com/commercetools-maximilian/products/079560_1_large.jpg,,,,,,,,,,,,,,,,,,,,MT980 BB,79560,M0E20000000E1B3,79560,newbalance,no,,41,7,black,multi,,multi,,,,evening,men,s15,,,,,M0E0000000123,,TRUE
,124,M0E0000000124,EUR 17000;USD 18700,,,https://s3-eu-west-1.amazonaws.com/commercetools-maximilian/products/079560_1_large.jpg,,,,,,,,,,,,,,,,,,,,MT980 BB,79560,M0E20000000E1B3,79560,newbalance,no,,41,7,grey,multi,,multi,,,,business,men,s15,,,,,M0E0000000124,,TRUE
,125,M0E0000000125,EUR 15000;USD 16500,,,https://s3-eu-west-1.amazonaws.com/commercetools-maximilian/products/079560_1_large.jpg,,,,,,,,,,,,,,,,,,,,MT980 BB,79560,M0E20000000E1B3,79560,newbalance,no,,41,7,grey,multi,,multi,,,,sporty,men,s15,,,,,M0E0000000125,,TRUE
,126,M0E0000000126,EUR 18000;USD 19800,,,https://s3-eu-west-1.amazonaws.com/commercetools-maximilian/products/079560_1_large.jpg,,,,,,,,,,,,,,,,,,,,MT980 BB,79560,M0E20000000E1B3,79560,newbalance,no,,41,7,grey,multi,,multi,,,,evening,men,s15,,,,,M0E0000000126,,TRUE
,127,M0E0000000127,EUR 17000;USD 18700,,,https://s3-eu-west-1.amazonaws.com/commercetools-maximilian/products/079560_1_large.jpg,,,,,,,,,,,,,,,,,,,,MT980 BB,79560,M0E20000000E1B3,79560,newbalance,no,,41,7,beige,multi,,multi,,,,business,men,s15,,,,,M0E0000000127,,TRUE
,128,M0E0000000128,EUR 15000;USD 16500,,,https://s3-eu-west-1.amazonaws.com/commercetools-maximilian/products/079560_1_large.jpg,,,,,,,,,,,,,,,,,,,,MT980 BB,79560,M0E20000000E1B3,79560,newbalance,no,,41,7,beige,multi,,multi,,,,sporty,men,s15,,,,,M0E0000000128,,TRUE
,129,M0E0000000129,EUR 18000;USD 19800,,,https://s3-eu-west-1.amazonaws.com/commercetools-maximilian/products/079560_1_large.jpg,,,,,,,,,,,,,,,,,,,,MT980 BB,79560,M0E20000000E1B3,79560,newbalance,no,,41,7,beige,multi,,multi,,,,evening,men,s15,,,,,M0E0000000129,,TRUE
,130,M0E0000000130,EUR 17000;USD 18700,,,https://s3-eu-west-1.amazonaws.com/commercetools-maximilian/products/079560_1_large.jpg,,,,,,,,,,,,,,,,,,,,MT980 BB,79560,M0E20000000E1B3,79560,newbalance,no,,41,7,white,multi,,multi,,,,business,men,s15,,,,,M0E0000000130,,TRUE
,131,M0E0000000131,EUR 15000;USD 16500,,,https://s3-eu-west-1.amazonaws.com/commercetools-maximilian/products/079560_1_large.jpg,,,,,,,,,,,,,,,,,,,,MT980 BB,79560,M0E20000000E1B3,79560,newbalance,no,,41,7,white,multi,,multi,,,,sporty,men,s15,,,,,M0E0000000131,,TRUE
,132,M0E0000000132,EUR 18000;USD 19800,,,https://s3-eu-west-1.amazonaws.com/commercetools-maximilian/products/079560_1_large.jpg,,,,,,,,,,,,,,,,,,,,MT980 BB,79560,M0E20000000E1B3,79560,newbalance,no,,41,7,white,multi,,multi,,,,evening,men,s15,,,,,M0E0000000132,,TRUE
,133,M0E0000000133,EUR 17000;USD 18700,,,https://s3-eu-west-1.amazonaws.com/commercetools-maximilian/products/079560_1_large.jpg,,,,,,,,,,,,,,,,,,,,MT980 BB,79560,M0E20000000E1B3,79560,newbalance,no,,41,7,blue,multi,,multi,,,,business,men,s15,,,,,M0E0000000133,,TRUE
,134,M0E0000000134,EUR 15000;USD 16500,,,https://s3-eu-west-1.amazonaws.com/commercetools-maximilian/products/079560_1_large.jpg,,,,,,,,,,,,,,,,,,,,MT980 BB,79560,M0E20000000E1B3,79560,newbalance,no,,41,7,blue,multi,,multi,,,,sporty,men,s15,,,,,M0E0000000134,,TRUE
,135,M0E0000000135,EUR 18000;USD 19800,,,https://s3-eu-west-1.amazonaws.com/commercetools-maximilian/products/079560_1_large.jpg,,,,,,,,,,,,,,,,,,,,MT980 BB,79560,M0E20000000E1B3,79560,newbalance,no,,41,7,blue,multi,,multi,,,,evening,men,s15,,,,,M0E0000000135,,TRUE
,136,M0E0000000136,EUR 17000;USD 18700,,,https://s3-eu-west-1.amazonaws.com/commercetools-maximilian/products/079560_1_large.jpg,,,,,,,,,,,,,,,,,,,,MT980 BB,79560,M0E20000000E1B3,79560,newbalance,no,,41,7,brown,multi,,multi,,,,business,men,s15,,,,,M0E0000000136,,TRUE
,137,M0E0000000137,EUR 15000;USD 16500,,,https://s3-eu-west-1.amazonaws.com/commercetools-maximilian/products/079560_1_large.jpg,,,,,,,,,,,,,,,,,,,,MT980 BB,79560,M0E20000000E1B3,79560,newbalance,no,,41,7,brown,multi,,multi,,,,sporty,men,s15,,,,,M0E0000000137,,TRUE
,138,M0E0000000138,EUR 18000;USD 19800,,,https://s3-eu-west-1.amazonaws.com/commercetools-maximilian/products/079560_1_large.jpg,,,,,,,,,,,,,,,,,,,,MT980 BB,79560,M0E20000000E1B3,79560,newbalance,no,,41,7,brown,multi,,multi,,,,evening,men,s15,,,,,M0E0000000138,,TRUE
,139,M0E0000000139,EUR 17000;USD 18700,,,https://s3-eu-west-1.amazonaws.com/commercetools-maximilian/products/079560_1_large.jpg,,,,,,,,,,,,,,,,,,,,MT980 BB,79560,M0E20000000E1B3,79560,newbalance,no,,41,7,turquoise,multi,,multi,,,,business,men,s15,,,,,M0E0000000139,,TRUE
,140,M0E0000000140,EUR 15000;USD 16500,,,https://s3-eu-west-1.amazonaws.com/commercetools-maximilian/products/079560_1_large.jpg,,,,,,,,,,,,,,,,,,,,MT980 BB,79560,M0E20000000E1B3,79560,newbalance,no,,41,7,turquoise,multi,,multi,,,,sporty,men,s15,,,,,M0E0000000140,,TRUE
,141,M0E0000000141,EUR 18000;USD 19800,,,https://s3-eu-west-1.amazonaws.com/commercetools-maximilian/products/079560_1_large.jpg,,,,,,,,,,,,,,,,,,,,MT980 BB,79560,M0E20000000E1B3,79560,newbalance,no,,41,7,turquoise,multi,,multi,,,,evening,men,s15,,,,,M0E0000000141,,TRUE
,142,M0E0000000142,EUR 17000;USD 18700,,,https://s3-eu-west-1.amazonaws.com/commercetools-maximilian/products/079560_1_large.jpg,,,,,,,,,,,,,,,,,,,,MT980 BB,79560,M0E20000000E1B3,79560,newbalance,no,,41,7,petrol,multi,,multi,,,,business,men,s15,,,,,M0E0000000142,,TRUE
,143,M0E0000000143,EUR 15000;USD 16500,,,https://s3-eu-west-1.amazonaws.com/commercetools-maximilian/products/079560_1_large.jpg,,,,,,,,,,,,,,,,,,,,MT980 BB,79560,M0E20000000E1B3,79560,newbalance,no,,41,7,petrol,multi,,multi,,,,sporty,men,s15,,,,,M0E0000000143,,TRUE
,144,M0E0000000144,EUR 18000;USD 19800,,,https://s3-eu-west-1.amazonaws.com/commercetools-maximilian/products/079560_1_large.jpg,,,,,,,,,,,,,,,,,,,,MT980 BB,79560,M0E20000000E1B3,79560,newbalance,no,,41,7,petrol,multi,,multi,,,,evening,men,s15,,,,,M0E0000000144,,TRUE
,145,M0E0000000145,EUR 17000;USD 18700,,,https://s3-eu-west-1.amazonaws.com/commercetools-maximilian/products/079560_1_large.jpg,,,,,,,,,,,,,,,,,,,,MT980 BB,79560,M0E20000000E1B3,79560,newbalance,no,,41,7,green,multi,,multi,,,,business,men,s15,,,,,M0E0000000145,,TRUE
,146,M0E0000000146,EUR 15000;USD 16500,,,https://s3-eu-west-1.amazonaws.com/commercetools-maximilian/products/079560_1_large.jpg,,,,,,,,,,,,,,,,,,,,MT980 BB,79560,M0E20000000E1B3,79560,newbalance,no,,41,7,green,multi,,multi,,,,sporty,men,s15,,,,,M0E0000000146,,TRUE
,147,M0E0000000147,EUR 18000;USD 19800,,,https://s3-eu-west-1.amazonaws.com/commercetools-maximilian/products/079560_1_large.jpg,,,,,,,,,,,,,,,,,,,,MT980 BB,79560,M0E20000000E1B3,79560,newbalance,no,,41,7,green,multi,,multi,,,,evening,men,s15,,,,,M0E0000000147,,TRUE
,148,M0E0000000148,EUR 17000;USD 18700,,,https://s3-eu-west-1.amazonaws.com/commercetools-maximilian/products/079560_1_large.jpg,,,,,,,,,,,,,,,,,,,,MT980 BB,79560,M0E20000000E1B3,79560,newbalance,no,,41,7,red,multi,,multi,,,,business,men,s15,,,,,M0E0000000148,,TRUE
,149,M0E0000000149,EUR 15000;USD 16500,,,https://s3-eu-west-1.amazonaws.com/commercetools-maximilian/products/079560_1_large.jpg,,,,,,,,,,,,,,,,,,,,MT980 BB,79560,M0E20000000E1B3,79560,newbalance,no,,41,7,red,multi,,multi,,,,sporty,men,s15,,,,,M0E0000000149,,TRUE
,150,M0E0000000150,EUR 18000;USD 19800,,,https://s3-eu-west-1.amazonaws.com/commercetools-maximilian/products/079560_1_large.jpg,,,,,,,,,,,,,,,,,,,,MT980 BB,79560,M0E20000000E1B3,79560,newbalance,no,,41,7,red,multi,,multi,,,,evening,men,s15,,,,,M0E0000000150,,TRUE
,151,M0E0000000151,EUR 17000;USD 18700,,,https://s3-eu-west-1.amazonaws.com/commercetools-maximilian/products/079560_1_large.jpg,,,,,,,,,,,,,,,,,,,,MT980 BB,79560,M0E20000000E1B4,79560,newbalance,no,,41.5,7.5,black,multi,,multi,,,,business,men,s15,,,,,M0E0000000151,,TRUE
,152,M0E0000000152,EUR 15000;USD 16500,,,https://s3-eu-west-1.amazonaws.com/commercetools-maximilian/products/079560_1_large.jpg,,,,,,,,,,,,,,,,,,,,MT980 BB,79560,M0E20000000E1B4,79560,newbalance,no,,41.5,7.5,black,multi,,multi,,,,sporty,men,s15,,,,,M0E0000000152,,TRUE
,153,M0E0000000153,EUR 18000;USD 19800,,,https://s3-eu-west-1.amazonaws.com/commercetools-maximilian/products/079560_1_large.jpg,,,,,,,,,,,,,,,,,,,,MT980 BB,79560,M0E20000000E1B4,79560,newbalance,no,,41.5,7.5,black,multi,,multi,,,,evening,men,s15,,,,,M0E0000000153,,TRUE
,154,M0E0000000154,EUR 17000;USD 18700,,,https://s3-eu-west-1.amazonaws.com/commercetools-maximilian/products/079560_1_large.jpg,,,,,,,,,,,,,,,,,,,,MT980 BB,79560,M0E20000000E1B4,79560,newbalance,no,,41.5,7.5,grey,multi,,multi,,,,business,men,s15,,,,,M0E0000000154,,TRUE
,155,M0E0000000155,EUR 15000;USD 16500,,,https://s3-eu-west-1.amazonaws.com/commercetools-maximilian/products/079560_1_large.jpg,,,,,,,,,,,,,,,,,,,,MT980 BB,79560,M0E20000000E1B4,79560,newbalance,no,,41.5,7.5,grey,multi,,multi,,,,sporty,men,s15,,,,,M0E0000000155,,TRUE
,156,M0E0000000156,EUR 18000;USD 19800,,,https://s3-eu-west-1.amazonaws.com/commercetools-maximilian/products/079560_1_large.jpg,,,,,,,,,,,,,,,,,,,,MT980 BB,79560,M0E20000000E1B4,79560,newbalance,no,,41.5,7.5,grey,multi,,multi,,,,evening,men,s15,,,,,M0E0000000156,,TRUE
,157,M0E0000000157,EUR 17000;USD 18700,,,https://s3-eu-west-1.amazonaws.com/commercetools-maximilian/products/079560_1_large.jpg,,,,,,,,,,,,,,,,,,,,MT980 BB,79560,M0E20000000E1B4,79560,newbalance,no,,41.5,7.5,beige,multi,,multi,,,,business,men,s15,,,,,M0E0000000157,,TRUE
,158,M0E0000000158,EUR 15000;USD 16500,,,https://s3-eu-west-1.amazonaws.com/commercetools-maximilian/products/079560_1_large.jpg,,,,,,,,,,,,,,,,,,,,MT980 BB,79560,M0E20000000E1B4,79560,newbalance,no,,41.5,7.5,beige,multi,,multi,,,,sporty,men,s15,,,,,M0E0000000158,,TRUE
,159,M0E0000000159,EUR 18000;USD 19800,,,https://s3-eu-west-1.amazonaws.com/commercetools-maximilian/products/079560_1_large.jpg,,,,,,,,,,,,,,,,,,,,MT980 BB,79560,M0E20000000E1B4,79560,newbalance,no,,41.5,7.5,beige,multi,,multi,,,,evening,men,s15,,,,,M0E0000000159,,TRUE
,160,M0E0000000160,EUR 17000;USD 18700,,,https://s3-eu-west-1.amazonaws.com/commercetools-maximilian/products/079560_1_large.jpg,,,,,,,,,,,,,,,,,,,,MT980 BB,79560,M0E20000000E1B4,79560,newbalance,no,,41.5,7.5,white,multi,,multi,,,,business,men,s15,,,,,M0E0000000160,,TRUE
,161,M0E0000000161,EUR 15000;USD 16500,,,https://s3-eu-west-1.amazonaws.com/commercetools-maximilian/products/079560_1_large.jpg,,,,,,,,,,,,,,,,,,,,MT980 BB,79560,M0E20000000E1B4,79560,newbalance,no,,41.5,7.5,white,multi,,multi,,,,sporty,men,s15,,,,,M0E0000000161,,TRUE
,162,M0E0000000162,EUR 18000;USD 19800,,,https://s3-eu-west-1.amazonaws.com/commercetools-maximilian/products/079560_1_large.jpg,,,,,,,,,,,,,,,,,,,,MT980 BB,79560,M0E20000000E1B4,79560,newbalance,no,,41.5,7.5,white,multi,,multi,,,,evening,men,s15,,,,,M0E0000000162,,TRUE
,163,M0E0000000163,EUR 17000;USD 18700,,,https://s3-eu-west-1.amazonaws.com/commercetools-maximilian/products/079560_1_large.jpg,,,,,,,,,,,,,,,,,,,,MT980 BB,79560,M0E20000000E1B4,79560,newbalance,no,,41.5,7.5,blue,multi,,multi,,,,business,men,s15,,,,,M0E0000000163,,TRUE
,164,M0E0000000164,EUR 15000;USD 16500,,,https://s3-eu-west-1.amazonaws.com/commercetools-maximilian/products/079560_1_large.jpg,,,,,,,,,,,,,,,,,,,,MT980 BB,79560,M0E20000000E1B4,79560,newbalance,no,,41.5,7.5,blue,multi,,multi,,,,sporty,men,s15,,,,,M0E0000000164,,TRUE
,165,M0E0000000165,EUR 18000;USD 19800,,,https://s3-eu-west-1.amazonaws.com/commercetools-maximilian/products/079560_1_large.jpg,,,,,,,,,,,,,,,,,,,,MT980 BB,79560,M0E20000000E1B4,79560,newbalance,no,,41.5,7.5,blue,multi,,multi,,,,evening,men,s15,,,,,M0E0000000165,,TRUE
,166,M0E0000000166,EUR 17000;USD 18700,,,https://s3-eu-west-1.amazonaws.com/commercetools-maximilian/products/079560_1_large.jpg,,,,,,,,,,,,,,,,,,,,MT980 BB,79560,M0E20000000E1B4,79560,newbalance,no,,41.5,7.5,brown,multi,,multi,,,,business,men,s15,,,,,M0E0000000166,,TRUE
,167,M0E0000000167,EUR 15000;USD 16500,,,https://s3-eu-west-1.amazonaws.com/commercetools-maximilian/products/079560_1_large.jpg,,,,,,,,,,,,,,,,,,,,MT980 BB,79560,M0E20000000E1B4,79560,newbalance,no,,41.5,7.5,brown,multi,,multi,,,,sporty,men,s15,,,,,M0E0000000167,,TRUE
,168,M0E0000000168,EUR 18000;USD 19800,,,https://s3-eu-west-1.amazonaws.com/commercetools-maximilian/products/079560_1_large.jpg,,,,,,,,,,,,,,,,,,,,MT980 BB,79560,M0E20000000E1B4,79560,newbalance,no,,41.5,7.5,brown,multi,,multi,,,,evening,men,s15,,,,,M0E0000000168,,TRUE
,169,M0E0000000169,EUR 17000;USD 18700,,,https://s3-eu-west-1.amazonaws.com/commercetools-maximilian/products/079560_1_large.jpg,,,,,,,,,,,,,,,,,,,,MT980 BB,79560,M0E20000000E1B4,79560,newbalance,no,,41.5,7.5,turquoise,multi,,multi,,,,business,men,s15,,,,,M0E0000000169,,TRUE
,170,M0E0000000170,EUR 15000;USD 16500,,,https://s3-eu-west-1.amazonaws.com/commercetools-maximilian/products/079560_1_large.jpg,,,,,,,,,,,,,,,,,,,,MT980 BB,79560,M0E20000000E1B4,79560,newbalance,no,,41.5,7.5,turquoise,multi,,multi,,,,sporty,men,s15,,,,,M0E0000000170,,TRUE
,171,M0E0000000171,EUR 18000;USD 19800,,,https://s3-eu-west-1.amazonaws.com/commercetools-maximilian/products/079560_1_large.jpg,,,,,,,,,,,,,,,,,,,,MT980 BB,79560,M0E20000000E1B4,79560,newbalance,no,,41.5,7.5,turquoise,multi,,multi,,,,evening,men,s15,,,,,M0E0000000171,,TRUE
,172,M0E0000000172,EUR 17000;USD 18700,,,https://s3-eu-west-1.amazonaws.com/commercetools-maximilian/products/079560_1_large.jpg,,,,,,,,,,,,,,,,,,,,MT980 BB,79560,M0E20000000E1B4,79560,newbalance,no,,41.5,7.5,petrol,multi,,multi,,,,business,men,s15,,,,,M0E0000000172,,TRUE
,173,M0E0000000173,EUR 15000;USD 16500,,,https://s3-eu-west-1.amazonaws.com/commercetools-maximilian/products/079560_1_large.jpg,,,,,,,,,,,,,,,,,,,,MT980 BB,79560,M0E20000000E1B4,79560,newbalance,no,,41.5,7.5,petrol,multi,,multi,,,,sporty,men,s15,,,,,M0E0000000173,,TRUE
,174,M0E0000000174,EUR 18000;USD 19800,,,https://s3-eu-west-1.amazonaws.com/commercetools-maximilian/products/079560_1_large.jpg,,,,,,,,,,,,,,,,,,,,MT980 BB,79560,M0E20000000E1B4,79560,newbalance,no,,41.5,7.5,petrol,multi,,multi,,,,evening,men,s15,,,,,M0E0000000174,,TRUE
,175,M0E0000000175,EUR 17000;USD 18700,,,https://s3-eu-west-1.amazonaws.com/commercetools-maximilian/products/079560_1_large.jpg,,,,,,,,,,,,,,,,,,,,MT980 BB,79560,M0E20000000E1B4,79560,newbalance,no,,41.5,7.5,green,multi,,multi,,,,business,men,s15,,,,,M0E0000000175,,TRUE
,176,M0E0000000176,EUR 15000;USD 16500,,,https://s3-eu-west-1.amazonaws.com/commercetools-maximilian/products/079560_1_large.jpg,,,,,,,,,,,,,,,,,,,,MT980 BB,79560,M0E20000000E1B4,79560,newbalance,no,,41.5,7.5,green,multi,,multi,,,,sporty,men,s15,,,,,M0E0000000176,,TRUE
,177,M0E0000000177,EUR 18000;USD 19800,,,https://s3-eu-west-1.amazonaws.com/commercetools-maximilian/products/079560_1_large.jpg,,,,,,,,,,,,,,,,,,,,MT980 BB,79560,M0E20000000E1B4,79560,newbalance,no,,41.5,7.5,green,multi,,multi,,,,evening,men,s15,,,,,M0E0000000177,,TRUE
,178,M0E0000000178,EUR 17000;USD 18700,,,https://s3-eu-west-1.amazonaws.com/commercetools-maximilian/products/079560_1_large.jpg,,,,,,,,,,,,,,,,,,,,MT980 BB,79560,M0E20000000E1B4,79560,newbalance,no,,41.5,7.5,red,multi,,multi,,,,business,men,s15,,,,,M0E0000000178,,TRUE
,179,M0E0000000179,EUR 15000;USD 16500,,,https://s3-eu-west-1.amazonaws.com/commercetools-maximilian/products/079560_1_large.jpg,,,,,,,,,,,,,,,,,,,,MT980 BB,79560,M0E20000000E1B4,79560,newbalance,no,,41.5,7.5,red,multi,,multi,,,,sporty,men,s15,,,,,M0E0000000179,,TRUE
,180,M0E0000000180,EUR 18000;USD 19800,,,https://s3-eu-west-1.amazonaws.com/commercetools-maximilian/products/079560_1_large.jpg,,,,,,,,,,,,,,,,,,,,MT980 BB,79560,M0E20000000E1B4,79560,newbalance,no,,41.5,7.5,red,multi,,multi,,,,evening,men,s15,,,,,M0E0000000180,,TRUE
,181,M0E0000000181,EUR 17000;USD 18700,,,https://s3-eu-west-1.amazonaws.com/commercetools-maximilian/products/079560_1_large.jpg,,,,,,,,,,,,,,,,,,,,MT980 BB,79560,M0E20000000E1B5,79560,newbalance,no,,42,8,black,multi,,multi,,,,business,men,s15,,,,,M0E0000000181,,TRUE
,182,M0E0000000182,EUR 15000;USD 16500,,,https://s3-eu-west-1.amazonaws.com/commercetools-maximilian/products/079560_1_large.jpg,,,,,,,,,,,,,,,,,,,,MT980 BB,79560,M0E20000000E1B5,79560,newbalance,no,,42,8,black,multi,,multi,,,,sporty,men,s15,,,,,M0E0000000182,,TRUE
,183,M0E0000000183,EUR 18000;USD 19800,,,https://s3-eu-west-1.amazonaws.com/commercetools-maximilian/products/079560_1_large.jpg,,,,,,,,,,,,,,,,,,,,MT980 BB,79560,M0E20000000E1B5,79560,newbalance,no,,42,8,black,multi,,multi,,,,evening,men,s15,,,,,M0E0000000183,,TRUE
,184,M0E0000000184,EUR 17000;USD 18700,,,https://s3-eu-west-1.amazonaws.com/commercetools-maximilian/products/079560_1_large.jpg,,,,,,,,,,,,,,,,,,,,MT980 BB,79560,M0E20000000E1B5,79560,newbalance,no,,42,8,grey,multi,,multi,,,,business,men,s15,,,,,M0E0000000184,,TRUE
,185,M0E0000000185,EUR 15000;USD 16500,,,https://s3-eu-west-1.amazonaws.com/commercetools-maximilian/products/079560_1_large.jpg,,,,,,,,,,,,,,,,,,,,MT980 BB,79560,M0E20000000E1B5,79560,newbalance,no,,42,8,grey,multi,,multi,,,,sporty,men,s15,,,,,M0E0000000185,,TRUE
,186,M0E0000000186,EUR 18000;USD 19800,,,https://s3-eu-west-1.amazonaws.com/commercetools-maximilian/products/079560_1_large.jpg,,,,,,,,,,,,,,,,,,,,MT980 BB,79560,M0E20000000E1B5,79560,newbalance,no,,42,8,grey,multi,,multi,,,,evening,men,s15,,,,,M0E0000000186,,TRUE
,187,M0E0000000187,EUR 17000;USD 18700,,,https://s3-eu-west-1.amazonaws.com/commercetools-maximilian/products/079560_1_large.jpg,,,,,,,,,,,,,,,,,,,,MT980 BB,79560,M0E20000000E1B5,79560,newbalance,no,,42,8,beige,multi,,multi,,,,business,men,s15,,,,,M0E0000000187,,TRUE
,188,M0E0000000188,EUR 15000;USD 16500,,,https://s3-eu-west-1.amazonaws.com/commercetools-maximilian/products/079560_1_large.jpg,,,,,,,,,,,,,,,,,,,,MT980 BB,79560,M0E20000000E1B5,79560,newbalance,no,,42,8,beige,multi,,multi,,,,sporty,men,s15,,,,,M0E0000000188,,TRUE
,189,M0E0000000189,EUR 18000;USD 19800,,,https://s3-eu-west-1.amazonaws.com/commercetools-maximilian/products/079560_1_large.jpg,,,,,,,,,,,,,,,,,,,,MT980 BB,79560,M0E20000000E1B5,79560,newbalance,no,,42,8,beige,multi,,multi,,,,evening,men,s15,,,,,M0E0000000189,,TRUE
,190,M0E0000000190,EUR 17000;USD 18700,,,https://s3-eu-west-1.amazonaws.com/commercetools-maximilian/products/079560_1_large.jpg,,,,,,,,,,,,,,,,,,,,MT980 BB,79560,M0E20000000E1B5,79560,newbalance,no,,42,8,white,multi,,multi,,,,business,men,s15,,,,,M0E0000000190,,TRUE
,191,M0E0000000191,EUR 15000;USD 16500,,,https://s3-eu-west-1.amazonaws.com/commercetools-maximilian/products/079560_1_large.jpg,,,,,,,,,,,,,,,,,,,,MT980 BB,79560,M0E20000000E1B5,79560,newbalance,no,,42,8,white,multi,,multi,,,,sporty,men,s15,,,,,M0E0000000191,,TRUE
,192,M0E0000000192,EUR 18000;USD 19800,,,https://s3-eu-west-1.amazonaws.com/commercetools-maximilian/products/079560_1_large.jpg,,,,,,,,,,,,,,,,,,,,MT980 BB,79560,M0E20000000E1B5,79560,newbalance,no,,42,8,white,multi,,multi,,,,evening,men,s15,,,,,M0E0000000192,,TRUE
,193,M0E0000000193,EUR 17000;USD 18700,,,https://s3-eu-west-1.amazonaws.com/commercetools-maximilian/products/079560_1_large.jpg,,,,,,,,,,,,,,,,,,,,MT980 BB,79560,M0E20000000E1B5,79560,newbalance,no,,42,8,blue,multi,,multi,,,,business,men,s15,,,,,M0E0000000193,,TRUE
,194,M0E0000000194,EUR 15000;USD 16500,,,https://s3-eu-west-1.amazonaws.com/commercetools-maximilian/products/079560_1_large.jpg,,,,,,,,,,,,,,,,,,,,MT980 BB,79560,M0E20000000E1B5,79560,newbalance,no,,42,8,blue,multi,,multi,,,,sporty,men,s15,,,,,M0E0000000194,,TRUE
,195,M0E0000000195,EUR 18000;USD 19800,,,https://s3-eu-west-1.amazonaws.com/commercetools-maximilian/products/079560_1_large.jpg,,,,,,,,,,,,,,,,,,,,MT980 BB,79560,M0E20000000E1B5,79560,newbalance,no,,42,8,blue,multi,,multi,,,,evening,men,s15,,,,,M0E0000000195,,TRUE
,196,M0E0000000196,EUR 17000;USD 18700,,,https://s3-eu-west-1.amazonaws.com/commercetools-maximilian/products/079560_1_large.jpg,,,,,,,,,,,,,,,,,,,,MT980 BB,79560,M0E20000000E1B5,79560,newbalance,no,,42,8,brown,multi,,multi,,,,business,men,s15,,,,,M0E0000000196,,TRUE
,197,M0E0000000197,EUR 15000;USD 16500,,,https://s3-eu-west-1.amazonaws.com/commercetools-maximilian/products/079560_1_large.jpg,,,,,,,,,,,,,,,,,,,,MT980 BB,79560,M0E20000000E1B5,79560,newbalance,no,,42,8,brown,multi,,multi,,,,sporty,men,s15,,,,,M0E0000000197,,TRUE
,198,M0E0000000198,EUR 18000;USD 19800,,,https://s3-eu-west-1.amazonaws.com/commercetools-maximilian/products/079560_1_large.jpg,,,,,,,,,,,,,,,,,,,,MT980 BB,79560,M0E20000000E1B5,79560,newbalance,no,,42,8,brown,multi,,multi,,,,evening,men,s15,,,,,M0E0000000198,,TRUE
,199,M0E0000000199,EUR 17000;USD 18700,,,https://s3-eu-west-1.amazonaws.com/commercetools-maximilian/products/079560_1_large.jpg,,,,,,,,,,,,,,,,,,,,MT980 BB,79560,M0E20000000E1B5,79560,newbalance,no,,42,8,turquoise,multi,,multi,,,,business,men,s15,,,,,M0E0000000199,,TRUE
,200,M0E0000000200,EUR 15000;USD 16500,,,https://s3-eu-west-1.amazonaws.com/commercetools-maximilian/products/079560_1_large.jpg,,,,,,,,,,,,,,,,,,,,MT980 BB,79560,M0E20000000E1B5,79560,newbalance,no,,42,8,turquoise,multi,,multi,,,,sporty,men,s15,,,,,M0E0000000200,,TRUE
,201,M0E0000000201,EUR 18000;USD 19800,,,https://s3-eu-west-1.amazonaws.com/commercetools-maximilian/products/079560_1_large.jpg,,,,,,,,,,,,,,,,,,,,MT980 BB,79560,M0E20000000E1B5,79560,newbalance,no,,42,8,turquoise,multi,,multi,,,,evening,men,s15,,,,,M0E0000000201,,TRUE
,202,M0E0000000202,EUR 17000;USD 18700,,,https://s3-eu-west-1.amazonaws.com/commercetools-maximilian/products/079560_1_large.jpg,,,,,,,,,,,,,,,,,,,,MT980 BB,79560,M0E20000000E1B5,79560,newbalance,no,,42,8,petrol,multi,,multi,,,,business,men,s15,,,,,M0E0000000202,,TRUE
,203,M0E0000000203,EUR 15000;USD 16500,,,https://s3-eu-west-1.amazonaws.com/commercetools-maximilian/products/079560_1_large.jpg,,,,,,,,,,,,,,,,,,,,MT980 BB,79560,M0E20000000E1B5,79560,newbalance,no,,42,8,petrol,multi,,multi,,,,sporty,men,s15,,,,,M0E0000000203,,TRUE
,204,M0E0000000204,EUR 18000;USD 19800,,,https://s3-eu-west-1.amazonaws.com/commercetools-maximilian/products/079560_1_large.jpg,,,,,,,,,,,,,,,,,,,,MT980 BB,79560,M0E20000000E1B5,79560,newbalance,no,,42,8,petrol,multi,,multi,,,,evening,men,s15,,,,,M0E0000000204,,TRUE
,205,M0E0000000205,EUR 17000;USD 18700,,,https://s3-eu-west-1.amazonaws.com/commercetools-maximilian/products/079560_1_large.jpg,,,,,,,,,,,,,,,,,,,,MT980 BB,79560,M0E20000000E1B5,79560,newbalance,no,,42,8,green,multi,,multi,,,,business,men,s15,,,,,M0E0000000205,,TRUE
,206,M0E0000000206,EUR 15000;USD 16500,,,https://s3-eu-west-1.amazonaws.com/commercetools-maximilian/products/079560_1_large.jpg,,,,,,,,,,,,,,,,,,,,MT980 BB,79560,M0E20000000E1B5,79560,newbalance,no,,42,8,green,multi,,multi,,,,sporty,men,s15,,,,,M0E0000000206,,TRUE
,207,M0E0000000207,EUR 18000;USD 19800,,,https://s3-eu-west-1.amazonaws.com/commercetools-maximilian/products/079560_1_large.jpg,,,,,,,,,,,,,,,,,,,,MT980 BB,79560,M0E20000000E1B5,79560,newbalance,no,,42,8,green,multi,,multi,,,,evening,men,s15,,,,,M0E0000000207,,TRUE
,208,M0E0000000208,EUR 17000;USD 18700,,,https://s3-eu-west-1.amazonaws.com/commercetools-maximilian/products/079560_1_large.jpg,,,,,,,,,,,,,,,,,,,,MT980 BB,79560,M0E20000000E1B5,79560,newbalance,no,,42,8,red,multi,,multi,,,,business,men,s15,,,,,M0E0000000208,,TRUE
,209,M0E0000000209,EUR 15000;USD 16500,,,https://s3-eu-west-1.amazonaws.com/commercetools-maximilian/products/079560_1_large.jpg,,,,,,,,,,,,,,,,,,,,MT980 BB,79560,M0E20000000E1B5,79560,newbalance,no,,42,8,red,multi,,multi,,,,sporty,men,s15,,,,,M0E0000000209,,TRUE
,210,M0E0000000210,EUR 18000;USD 19800,,,https://s3-eu-west-1.amazonaws.com/commercetools-maximilian/products/079560_1_large.jpg,,,,,,,,,,,,,,,,,,,,MT980 BB,79560,M0E20000000E1B5,79560,newbalance,no,,42,8,red,multi,,multi,,,,evening,men,s15,,,,,M0E0000000210,,TRUE
,211,M0E0000000211,EUR 17000;USD 18700,,,https://s3-eu-west-1.amazonaws.com/commercetools-maximilian/products/079560_1_large.jpg,,,,,,,,,,,,,,,,,,,,MT980 BB,79560,M0E20000000E1B6,79560,newbalance,no,,42.5,8.5,black,multi,,multi,,,,business,men,s15,TRUE,,,,M0E0000000211,,TRUE
,212,M0E0000000212,EUR 15000;USD 16500,,,https://s3-eu-west-1.amazonaws.com/commercetools-maximilian/products/079560_1_large.jpg,,,,,,,,,,,,,,,,,,,,MT980 BB,79560,M0E20000000E1B6,79560,newbalance,no,,42.5,8.5,black,multi,,multi,,,,sporty,men,s15,TRUE,,,,M0E0000000212,,TRUE
,213,M0E0000000213,EUR 18000;USD 19800,,,https://s3-eu-west-1.amazonaws.com/commercetools-maximilian/products/079560_1_large.jpg,,,,,,,,,,,,,,,,,,,,MT980 BB,79560,M0E20000000E1B6,79560,newbalance,no,,42.5,8.5,black,multi,,multi,,,,evening,men,s15,TRUE,,,,M0E0000000213,,TRUE
,214,M0E0000000214,EUR 17000;USD 18700,,,https://s3-eu-west-1.amazonaws.com/commercetools-maximilian/products/079560_1_large.jpg,,,,,,,,,,,,,,,,,,,,MT980 BB,79560,M0E20000000E1B6,79560,newbalance,no,,42.5,8.5,grey,multi,,multi,,,,business,men,s15,TRUE,,,,M0E0000000214,,TRUE
,215,M0E0000000215,EUR 15000;USD 16500,,,https://s3-eu-west-1.amazonaws.com/commercetools-maximilian/products/079560_1_large.jpg,,,,,,,,,,,,,,,,,,,,MT980 BB,79560,M0E20000000E1B6,79560,newbalance,no,,42.5,8.5,grey,multi,,multi,,,,sporty,men,s15,TRUE,,,,M0E0000000215,,TRUE
,216,M0E0000000216,EUR 18000;USD 19800,,,https://s3-eu-west-1.amazonaws.com/commercetools-maximilian/products/079560_1_large.jpg,,,,,,,,,,,,,,,,,,,,MT980 BB,79560,M0E20000000E1B6,79560,newbalance,no,,42.5,8.5,grey,multi,,multi,,,,evening,men,s15,TRUE,,,,M0E0000000216,,TRUE
,217,M0E0000000217,EUR 17000;USD 18700,,,https://s3-eu-west-1.amazonaws.com/commercetools-maximilian/products/079560_1_large.jpg,,,,,,,,,,,,,,,,,,,,MT980 BB,79560,M0E20000000E1B6,79560,newbalance,no,,42.5,8.5,beige,multi,,multi,,,,business,men,s15,TRUE,,,,M0E0000000217,,TRUE
,218,M0E0000000218,EUR 15000;USD 16500,,,https://s3-eu-west-1.amazonaws.com/commercetools-maximilian/products/079560_1_large.jpg,,,,,,,,,,,,,,,,,,,,MT980 BB,79560,M0E20000000E1B6,79560,newbalance,no,,42.5,8.5,beige,multi,,multi,,,,sporty,men,s15,TRUE,,,,M0E0000000218,,TRUE
,219,M0E0000000219,EUR 18000;USD 19800,,,https://s3-eu-west-1.amazonaws.com/commercetools-maximilian/products/079560_1_large.jpg,,,,,,,,,,,,,,,,,,,,MT980 BB,79560,M0E20000000E1B6,79560,newbalance,no,,42.5,8.5,beige,multi,,multi,,,,evening,men,s15,TRUE,,,,M0E0000000219,,TRUE
,220,M0E0000000220,EUR 17000;USD 18700,,,https://s3-eu-west-1.amazonaws.com/commercetools-maximilian/products/079560_1_large.jpg,,,,,,,,,,,,,,,,,,,,MT980 BB,79560,M0E20000000E1B6,79560,newbalance,no,,42.5,8.5,white,multi,,multi,,,,business,men,s15,TRUE,,,,M0E0000000220,,TRUE
,221,M0E0000000221,EUR 15000;USD 16500,,,https://s3-eu-west-1.amazonaws.com/commercetools-maximilian/products/079560_1_large.jpg,,,,,,,,,,,,,,,,,,,,MT980 BB,79560,M0E20000000E1B6,79560,newbalance,no,,42.5,8.5,white,multi,,multi,,,,sporty,men,s15,TRUE,,,,M0E0000000221,,TRUE
,222,M0E0000000222,EUR 18000;USD 19800,,,https://s3-eu-west-1.amazonaws.com/commercetools-maximilian/products/079560_1_large.jpg,,,,,,,,,,,,,,,,,,,,MT980 BB,79560,M0E20000000E1B6,79560,newbalance,no,,42.5,8.5,white,multi,,multi,,,,evening,men,s15,TRUE,,,,M0E0000000222,,TRUE
,223,M0E0000000223,EUR 17000;USD 18700,,,https://s3-eu-west-1.amazonaws.com/commercetools-maximilian/products/079560_1_large.jpg,,,,,,,,,,,,,,,,,,,,MT980 BB,79560,M0E20000000E1B6,79560,newbalance,no,,42.5,8.5,blue,multi,,multi,,,,business,men,s15,TRUE,,,,M0E0000000223,,TRUE
,224,M0E0000000224,EUR 15000;USD 16500,,,https://s3-eu-west-1.amazonaws.com/commercetools-maximilian/products/079560_1_large.jpg,,,,,,,,,,,,,,,,,,,,MT980 BB,79560,M0E20000000E1B6,79560,newbalance,no,,42.5,8.5,blue,multi,,multi,,,,sporty,men,s15,TRUE,,,,M0E0000000224,,TRUE
,225,M0E0000000225,EUR 18000;USD 19800,,,https://s3-eu-west-1.amazonaws.com/commercetools-maximilian/products/079560_1_large.jpg,,,,,,,,,,,,,,,,,,,,MT980 BB,79560,M0E20000000E1B6,79560,newbalance,no,,42.5,8.5,blue,multi,,multi,,,,evening,men,s15,TRUE,,,,M0E0000000225,,TRUE
,226,M0E0000000226,EUR 17000;USD 18700,,,https://s3-eu-west-1.amazonaws.com/commercetools-maximilian/products/079560_1_large.jpg,,,,,,,,,,,,,,,,,,,,MT980 BB,79560,M0E20000000E1B6,79560,newbalance,no,,42.5,8.5,brown,multi,,multi,,,,business,men,s15,TRUE,,,,M0E0000000226,,TRUE
,227,M0E0000000227,EUR 15000;USD 16500,,,https://s3-eu-west-1.amazonaws.com/commercetools-maximilian/products/079560_1_large.jpg,,,,,,,,,,,,,,,,,,,,MT980 BB,79560,M0E20000000E1B6,79560,newbalance,no,,42.5,8.5,brown,multi,,multi,,,,sporty,men,s15,TRUE,,,,M0E0000000227,,TRUE
,228,M0E0000000228,EUR 18000;USD 19800,,,https://s3-eu-west-1.amazonaws.com/commercetools-maximilian/products/079560_1_large.jpg,,,,,,,,,,,,,,,,,,,,MT980 BB,79560,M0E20000000E1B6,79560,newbalance,no,,42.5,8.5,brown,multi,,multi,,,,evening,men,s15,TRUE,,,,M0E0000000228,,TRUE
,229,M0E0000000229,EUR 17000;USD 18700,,,https://s3-eu-west-1.amazonaws.com/commercetools-maximilian/products/079560_1_large.jpg,,,,,,,,,,,,,,,,,,,,MT980 BB,79560,M0E20000000E1B6,79560,newbalance,no,,42.5,8.5,turquoise,multi,,multi,,,,business,men,s15,TRUE,,,,M0E0000000229,,TRUE
,230,M0E0000000230,EUR 15000;USD 16500,,,https://s3-eu-west-1.amazonaws.com/commercetools-maximilian/products/079560_1_large.jpg,,,,,,,,,,,,,,,,,,,,MT980 BB,79560,M0E20000000E1B6,79560,newbalance,no,,42.5,8.5,turquoise,multi,,multi,,,,sporty,men,s15,TRUE,,,,M0E0000000230,,TRUE
,231,M0E0000000231,EUR 18000;USD 19800,,,https://s3-eu-west-1.amazonaws.com/commercetools-maximilian/products/079560_1_large.jpg,,,,,,,,,,,,,,,,,,,,MT980 BB,79560,M0E20000000E1B6,79560,newbalance,no,,42.5,8.5,turquoise,multi,,multi,,,,evening,men,s15,TRUE,,,,M0E0000000231,,TRUE
,232,M0E0000000232,EUR 17000;USD 18700,,,https://s3-eu-west-1.amazonaws.com/commercetools-maximilian/products/079560_1_large.jpg,,,,,,,,,,,,,,,,,,,,MT980 BB,79560,M0E20000000E1B6,79560,newbalance,no,,42.5,8.5,petrol,multi,,multi,,,,business,men,s15,TRUE,,,,M0E0000000232,,TRUE
,233,M0E0000000233,EUR 15000;USD 16500,,,https://s3-eu-west-1.amazonaws.com/commercetools-maximilian/products/079560_1_large.jpg,,,,,,,,,,,,,,,,,,,,MT980 BB,79560,M0E20000000E1B6,79560,newbalance,no,,42.5,8.5,petrol,multi,,multi,,,,sporty,men,s15,TRUE,,,,M0E0000000233,,TRUE
,234,M0E0000000234,EUR 18000;USD 19800,,,https://s3-eu-west-1.amazonaws.com/commercetools-maximilian/products/079560_1_large.jpg,,,,,,,,,,,,,,,,,,,,MT980 BB,79560,M0E20000000E1B6,79560,newbalance,no,,42.5,8.5,petrol,multi,,multi,,,,evening,men,s15,TRUE,,,,M0E0000000234,,TRUE
,235,M0E0000000235,EUR 17000;USD 18700,,,https://s3-eu-west-1.amazonaws.com/commercetools-maximilian/products/079560_1_large.jpg,,,,,,,,,,,,,,,,,,,,MT980 BB,79560,M0E20000000E1B6,79560,newbalance,no,,42.5,8.5,green,multi,,multi,,,,business,men,s15,TRUE,,,,M0E0000000235,,TRUE
,236,M0E0000000236,EUR 15000;USD 16500,,,https://s3-eu-west-1.amazonaws.com/commercetools-maximilian/products/079560_1_large.jpg,,,,,,,,,,,,,,,,,,,,MT980 BB,79560,M0E20000000E1B6,79560,newbalance,no,,42.5,8.5,green,multi,,multi,,,,sporty,men,s15,TRUE,,,,M0E0000000236,,TRUE
,237,M0E0000000237,EUR 18000;USD 19800,,,https://s3-eu-west-1.amazonaws.com/commercetools-maximilian/products/079560_1_large.jpg,,,,,,,,,,,,,,,,,,,,MT980 BB,79560,M0E20000000E1B6,79560,newbalance,no,,42.5,8.5,green,multi,,multi,,,,evening,men,s15,TRUE,,,,M0E0000000237,,TRUE
,238,M0E0000000238,EUR 17000;USD 18700,,,https://s3-eu-west-1.amazonaws.com/commercetools-maximilian/products/079560_1_large.jpg,,,,,,,,,,,,,,,,,,,,MT980 BB,79560,M0E20000000E1B6,79560,newbalance,no,,42.5,8.5,red,multi,,multi,,,,business,men,s15,TRUE,,,,M0E0000000238,,TRUE
,239,M0E0000000239,EUR 15000;USD 16500,,,https://s3-eu-west-1.amazonaws.com/commercetools-maximilian/products/079560_1_large.jpg,,,,,,,,,,,,,,,,,,,,MT980 BB,79560,M0E20000000E1B6,79560,newbalance,no,,42.5,8.5,red,multi,,multi,,,,sporty,men,s15,TRUE,,,,M0E0000000239,,TRUE
,240,M0E0000000240,EUR 18000;USD 19800,,,https://s3-eu-west-1.amazonaws.com/commercetools-maximilian/products/079560_1_large.jpg,,,,,,,,,,,,,,,,,,,,MT980 BB,79560,M0E20000000E1B6,79560,newbalance,no,,42.5,8.5,red,multi,,multi,,,,evening,men,s15,TRUE,,,,M0E0000000240,,TRUE
,241,M0E0000000241,EUR 17000;USD 18700,,,https://s3-eu-west-1.amazonaws.com/commercetools-maximilian/products/079560_1_large.jpg,,,,,,,,,,,,,,,,,,,,MT980 BB,79560,M0E20000000E1B7,79560,newbalance,no,,43,9,black,multi,,multi,,,,business,men,s15,TRUE,,,,M0E0000000241,,TRUE
,242,M0E0000000242,EUR 15000;USD 16500,,,https://s3-eu-west-1.amazonaws.com/commercetools-maximilian/products/079560_1_large.jpg,,,,,,,,,,,,,,,,,,,,MT980 BB,79560,M0E20000000E1B7,79560,newbalance,no,,43,9,black,multi,,multi,,,,sporty,men,s15,TRUE,,,,M0E0000000242,,TRUE
,243,M0E0000000243,EUR 18000;USD 19800,,,https://s3-eu-west-1.amazonaws.com/commercetools-maximilian/products/079560_1_large.jpg,,,,,,,,,,,,,,,,,,,,MT980 BB,79560,M0E20000000E1B7,79560,newbalance,no,,43,9,black,multi,,multi,,,,evening,men,s15,TRUE,,,,M0E0000000243,,TRUE
,244,M0E0000000244,EUR 17000;USD 18700,,,https://s3-eu-west-1.amazonaws.com/commercetools-maximilian/products/079560_1_large.jpg,,,,,,,,,,,,,,,,,,,,MT980 BB,79560,M0E20000000E1B7,79560,newbalance,no,,43,9,grey,multi,,multi,,,,business,men,s15,TRUE,,,,M0E0000000244,,TRUE
,245,M0E0000000245,EUR 15000;USD 16500,,,https://s3-eu-west-1.amazonaws.com/commercetools-maximilian/products/079560_1_large.jpg,,,,,,,,,,,,,,,,,,,,MT980 BB,79560,M0E20000000E1B7,79560,newbalance,no,,43,9,grey,multi,,multi,,,,sporty,men,s15,TRUE,,,,M0E0000000245,,TRUE
,246,M0E0000000246,EUR 18000;USD 19800,,,https://s3-eu-west-1.amazonaws.com/commercetools-maximilian/products/079560_1_large.jpg,,,,,,,,,,,,,,,,,,,,MT980 BB,79560,M0E20000000E1B7,79560,newbalance,no,,43,9,grey,multi,,multi,,,,evening,men,s15,TRUE,,,,M0E0000000246,,TRUE
,247,M0E0000000247,EUR 17000;USD 18700,,,https://s3-eu-west-1.amazonaws.com/commercetools-maximilian/products/079560_1_large.jpg,,,,,,,,,,,,,,,,,,,,MT980 BB,79560,M0E20000000E1B7,79560,newbalance,no,,43,9,beige,multi,,multi,,,,business,men,s15,TRUE,,,,M0E0000000247,,TRUE
,248,M0E0000000248,EUR 15000;USD 16500,,,https://s3-eu-west-1.amazonaws.com/commercetools-maximilian/products/079560_1_large.jpg,,,,,,,,,,,,,,,,,,,,MT980 BB,79560,M0E20000000E1B7,79560,newbalance,no,,43,9,beige,multi,,multi,,,,sporty,men,s15,TRUE,,,,M0E0000000248,,TRUE
,249,M0E0000000249,EUR 18000;USD 19800,,,https://s3-eu-west-1.amazonaws.com/commercetools-maximilian/products/079560_1_large.jpg,,,,,,,,,,,,,,,,,,,,MT980 BB,79560,M0E20000000E1B7,79560,newbalance,no,,43,9,beige,multi,,multi,,,,evening,men,s15,TRUE,,,,M0E0000000249,,TRUE
,250,M0E0000000250,EUR 17000;USD 18700,,,https://s3-eu-west-1.amazonaws.com/commercetools-maximilian/products/079560_1_large.jpg,,,,,,,,,,,,,,,,,,,,MT980 BB,79560,M0E20000000E1B7,79560,newbalance,no,,43,9,white,multi,,multi,,,,business,men,s15,TRUE,,,,M0E0000000250,,TRUE
,251,M0E0000000251,EUR 15000;USD 16500,,,https://s3-eu-west-1.amazonaws.com/commercetools-maximilian/products/079560_1_large.jpg,,,,,,,,,,,,,,,,,,,,MT980 BB,79560,M0E20000000E1B7,79560,newbalance,no,,43,9,white,multi,,multi,,,,sporty,men,s15,TRUE,,,,M0E0000000251,,TRUE
,252,M0E0000000252,EUR 18000;USD 19800,,,https://s3-eu-west-1.amazonaws.com/commercetools-maximilian/products/079560_1_large.jpg,,,,,,,,,,,,,,,,,,,,MT980 BB,79560,M0E20000000E1B7,79560,newbalance,no,,43,9,white,multi,,multi,,,,evening,men,s15,TRUE,,,,M0E0000000252,,TRUE
,253,M0E0000000253,EUR 17000;USD 18700,,,https://s3-eu-west-1.amazonaws.com/commercetools-maximilian/products/079560_1_large.jpg,,,,,,,,,,,,,,,,,,,,MT980 BB,79560,M0E20000000E1B7,79560,newbalance,no,,43,9,blue,multi,,multi,,,,business,men,s15,TRUE,,,,M0E0000000253,,TRUE
,254,M0E0000000254,EUR 15000;USD 16500,,,https://s3-eu-west-1.amazonaws.com/commercetools-maximilian/products/079560_1_large.jpg,,,,,,,,,,,,,,,,,,,,MT980 BB,79560,M0E20000000E1B7,79560,newbalance,no,,43,9,blue,multi,,multi,,,,sporty,men,s15,TRUE,,,,M0E0000000254,,TRUE
,255,M0E0000000255,EUR 18000;USD 19800,,,https://s3-eu-west-1.amazonaws.com/commercetools-maximilian/products/079560_1_large.jpg,,,,,,,,,,,,,,,,,,,,MT980 BB,79560,M0E20000000E1B7,79560,newbalance,no,,43,9,blue,multi,,multi,,,,evening,men,s15,TRUE,,,,M0E0000000255,,TRUE
,256,M0E0000000256,EUR 17000;USD 18700,,,https://s3-eu-west-1.amazonaws.com/commercetools-maximilian/products/079560_1_large.jpg,,,,,,,,,,,,,,,,,,,,MT980 BB,79560,M0E20000000E1B7,79560,newbalance,no,,43,9,brown,multi,,multi,,,,business,men,s15,TRUE,,,,M0E0000000256,,TRUE
,257,M0E0000000257,EUR 15000;USD 16500,,,https://s3-eu-west-1.amazonaws.com/commercetools-maximilian/products/079560_1_large.jpg,,,,,,,,,,,,,,,,,,,,MT980 BB,79560,M0E20000000E1B7,79560,newbalance,no,,43,9,brown,multi,,multi,,,,sporty,men,s15,TRUE,,,,M0E0000000257,,TRUE
,258,M0E0000000258,EUR 18000;USD 19800,,,https://s3-eu-west-1.amazonaws.com/commercetools-maximilian/products/079560_1_large.jpg,,,,,,,,,,,,,,,,,,,,MT980 BB,79560,M0E20000000E1B7,79560,newbalance,no,,43,9,brown,multi,,multi,,,,evening,men,s15,TRUE,,,,M0E0000000258,,TRUE
,259,M0E0000000259,EUR 17000;USD 18700,,,https://s3-eu-west-1.amazonaws.com/commercetools-maximilian/products/079560_1_large.jpg,,,,,,,,,,,,,,,,,,,,MT980 BB,79560,M0E20000000E1B7,79560,newbalance,no,,43,9,turquoise,multi,,multi,,,,business,men,s15,TRUE,,,,M0E0000000259,,TRUE
,260,M0E0000000260,EUR 15000;USD 16500,,,https://s3-eu-west-1.amazonaws.com/commercetools-maximilian/products/079560_1_large.jpg,,,,,,,,,,,,,,,,,,,,MT980 BB,79560,M0E20000000E1B7,79560,newbalance,no,,43,9,turquoise,multi,,multi,,,,sporty,men,s15,TRUE,,,,M0E0000000260,,TRUE
,261,M0E0000000261,EUR 18000;USD 19800,,,https://s3-eu-west-1.amazonaws.com/commercetools-maximilian/products/079560_1_large.jpg,,,,,,,,,,,,,,,,,,,,MT980 BB,79560,M0E20000000E1B7,79560,newbalance,no,,43,9,turquoise,multi,,multi,,,,evening,men,s15,TRUE,,,,M0E0000000261,,TRUE
,262,M0E0000000262,EUR 17000;USD 18700,,,https://s3-eu-west-1.amazonaws.com/commercetools-maximilian/products/079560_1_large.jpg,,,,,,,,,,,,,,,,,,,,MT980 BB,79560,M0E20000000E1B7,79560,newbalance,no,,43,9,petrol,multi,,multi,,,,business,men,s15,TRUE,,,,M0E0000000262,,TRUE
,263,M0E0000000263,EUR 15000;USD 16500,,,https://s3-eu-west-1.amazonaws.com/commercetools-maximilian/products/079560_1_large.jpg,,,,,,,,,,,,,,,,,,,,MT980 BB,79560,M0E20000000E1B7,79560,newbalance,no,,43,9,petrol,multi,,multi,,,,sporty,men,s15,TRUE,,,,M0E0000000263,,TRUE
,264,M0E0000000264,EUR 18000;USD 19800,,,https://s3-eu-west-1.amazonaws.com/commercetools-maximilian/products/079560_1_large.jpg,,,,,,,,,,,,,,,,,,,,MT980 BB,79560,M0E20000000E1B7,79560,newbalance,no,,43,9,petrol,multi,,multi,,,,evening,men,s15,TRUE,,,,M0E0000000264,,TRUE
,265,M0E0000000265,EUR 17000;USD 18700,,,https://s3-eu-west-1.amazonaws.com/commercetools-maximilian/products/079560_1_large.jpg,,,,,,,,,,,,,,,,,,,,MT980 BB,79560,M0E20000000E1B7,79560,newbalance,no,,43,9,green,multi,,multi,,,,business,men,s15,TRUE,,,,M0E0000000265,,TRUE
,266,M0E0000000266,EUR 15000;USD 16500,,,https://s3-eu-west-1.amazonaws.com/commercetools-maximilian/products/079560_1_large.jpg,,,,,,,,,,,,,,,,,,,,MT980 BB,79560,M0E20000000E1B7,79560,newbalance,no,,43,9,green,multi,,multi,,,,sporty,men,s15,TRUE,,,,M0E0000000266,,TRUE
,267,M0E0000000267,EUR 18000;USD 19800,,,https://s3-eu-west-1.amazonaws.com/commercetools-maximilian/products/079560_1_large.jpg,,,,,,,,,,,,,,,,,,,,MT980 BB,79560,M0E20000000E1B7,79560,newbalance,no,,43,9,green,multi,,multi,,,,evening,men,s15,TRUE,,,,M0E0000000267,,TRUE
,268,M0E0000000268,EUR 17000;USD 18700,,,https://s3-eu-west-1.amazonaws.com/commercetools-maximilian/products/079560_1_large.jpg,,,,,,,,,,,,,,,,,,,,MT980 BB,79560,M0E20000000E1B7,79560,newbalance,no,,43,9,red,multi,,multi,,,,business,men,s15,TRUE,,,,M0E0000000268,,TRUE
,269,M0E0000000269,EUR 15000;USD 16500,,,https://s3-eu-west-1.amazonaws.com/commercetools-maximilian/products/079560_1_large.jpg,,,,,,,,,,,,,,,,,,,,MT980 BB,79560,M0E20000000E1B7,79560,newbalance,no,,43,9,red,multi,,multi,,,,sporty,men,s15,TRUE,,,,M0E0000000269,,TRUE
,270,M0E0000000270,EUR 18000;USD 19800,,,https://s3-eu-west-1.amazonaws.com/commercetools-maximilian/products/079560_1_large.jpg,,,,,,,,,,,,,,,,,,,,MT980 BB,79560,M0E20000000E1B7,79560,newbalance,no,,43,9,red,multi,,multi,,,,evening,men,s15,TRUE,,,,M0E0000000270,,TRUE
,271,M0E0000000271,EUR 17000;USD 18700,,,https://s3-eu-west-1.amazonaws.com/commercetools-maximilian/products/079560_1_large.jpg,,,,,,,,,,,,,,,,,,,,MT980 BB,79560,M0E20000000E1B8,79560,newbalance,no,,43.5,9.5,black,multi,,multi,,,,business,men,s15,,,,,M0E0000000271,,TRUE
,272,M0E0000000272,EUR 15000;USD 16500,,,https://s3-eu-west-1.amazonaws.com/commercetools-maximilian/products/079560_1_large.jpg,,,,,,,,,,,,,,,,,,,,MT980 BB,79560,M0E20000000E1B8,79560,newbalance,no,,43.5,9.5,black,multi,,multi,,,,sporty,men,s15,,,,,M0E0000000272,,TRUE
,273,M0E0000000273,EUR 18000;USD 19800,,,https://s3-eu-west-1.amazonaws.com/commercetools-maximilian/products/079560_1_large.jpg,,,,,,,,,,,,,,,,,,,,MT980 BB,79560,M0E20000000E1B8,79560,newbalance,no,,43.5,9.5,black,multi,,multi,,,,evening,men,s15,,,,,M0E0000000273,,TRUE
,274,M0E0000000274,EUR 17000;USD 18700,,,https://s3-eu-west-1.amazonaws.com/commercetools-maximilian/products/079560_1_large.jpg,,,,,,,,,,,,,,,,,,,,MT980 BB,79560,M0E20000000E1B8,79560,newbalance,no,,43.5,9.5,grey,multi,,multi,,,,business,men,s15,,,,,M0E0000000274,,TRUE
,275,M0E0000000275,EUR 15000;USD 16500,,,https://s3-eu-west-1.amazonaws.com/commercetools-maximilian/products/079560_1_large.jpg,,,,,,,,,,,,,,,,,,,,MT980 BB,79560,M0E20000000E1B8,79560,newbalance,no,,43.5,9.5,grey,multi,,multi,,,,sporty,men,s15,,,,,M0E0000000275,,TRUE
,276,M0E0000000276,EUR 18000;USD 19800,,,https://s3-eu-west-1.amazonaws.com/commercetools-maximilian/products/079560_1_large.jpg,,,,,,,,,,,,,,,,,,,,MT980 BB,79560,M0E20000000E1B8,79560,newbalance,no,,43.5,9.5,grey,multi,,multi,,,,evening,men,s15,,,,,M0E0000000276,,TRUE
,277,M0E0000000277,EUR 17000;USD 18700,,,https://s3-eu-west-1.amazonaws.com/commercetools-maximilian/products/079560_1_large.jpg,,,,,,,,,,,,,,,,,,,,MT980 BB,79560,M0E20000000E1B8,79560,newbalance,no,,43.5,9.5,beige,multi,,multi,,,,business,men,s15,,,,,M0E0000000277,,TRUE
,278,M0E0000000278,EUR 15000;USD 16500,,,https://s3-eu-west-1.amazonaws.com/commercetools-maximilian/products/079560_1_large.jpg,,,,,,,,,,,,,,,,,,,,MT980 BB,79560,M0E20000000E1B8,79560,newbalance,no,,43.5,9.5,beige,multi,,multi,,,,sporty,men,s15,,,,,M0E0000000278,,TRUE
,279,M0E0000000279,EUR 18000;USD 19800,,,https://s3-eu-west-1.amazonaws.com/commercetools-maximilian/products/079560_1_large.jpg,,,,,,,,,,,,,,,,,,,,MT980 BB,79560,M0E20000000E1B8,79560,newbalance,no,,43.5,9.5,beige,multi,,multi,,,,evening,men,s15,,,,,M0E0000000279,,TRUE
,280,M0E0000000280,EUR 17000;USD 18700,,,https://s3-eu-west-1.amazonaws.com/commercetools-maximilian/products/079560_1_large.jpg,,,,,,,,,,,,,,,,,,,,MT980 BB,79560,M0E20000000E1B8,79560,newbalance,no,,43.5,9.5,white,multi,,multi,,,,business,men,s15,,,,,M0E0000000280,,TRUE
,281,M0E0000000281,EUR 15000;USD 16500,,,https://s3-eu-west-1.amazonaws.com/commercetools-maximilian/products/079560_1_large.jpg,,,,,,,,,,,,,,,,,,,,MT980 BB,79560,M0E20000000E1B8,79560,newbalance,no,,43.5,9.5,white,multi,,multi,,,,sporty,men,s15,,,,,M0E0000000281,,TRUE
,282,M0E0000000282,EUR 18000;USD 19800,,,https://s3-eu-west-1.amazonaws.com/commercetools-maximilian/products/079560_1_large.jpg,,,,,,,,,,,,,,,,,,,,MT980 BB,79560,M0E20000000E1B8,79560,newbalance,no,,43.5,9.5,white,multi,,multi,,,,evening,men,s15,,,,,M0E0000000282,,TRUE
,283,M0E0000000283,EUR 17000;USD 18700,,,https://s3-eu-west-1.amazonaws.com/commercetools-maximilian/products/079560_1_large.jpg,,,,,,,,,,,,,,,,,,,,MT980 BB,79560,M0E20000000E1B8,79560,newbalance,no,,43.5,9.5,blue,multi,,multi,,,,business,men,s15,,,,,M0E0000000283,,TRUE
,284,M0E0000000284,EUR 15000;USD 16500,,,https://s3-eu-west-1.amazonaws.com/commercetools-maximilian/products/079560_1_large.jpg,,,,,,,,,,,,,,,,,,,,MT980 BB,79560,M0E20000000E1B8,79560,newbalance,no,,43.5,9.5,blue,multi,,multi,,,,sporty,men,s15,,,,,M0E0000000284,,TRUE
,285,M0E0000000285,EUR 18000;USD 19800,,,https://s3-eu-west-1.amazonaws.com/commercetools-maximilian/products/079560_1_large.jpg,,,,,,,,,,,,,,,,,,,,MT980 BB,79560,M0E20000000E1B8,79560,newbalance,no,,43.5,9.5,blue,multi,,multi,,,,evening,men,s15,,,,,M0E0000000285,,TRUE
,286,M0E0000000286,EUR 17000;USD 18700,,,https://s3-eu-west-1.amazonaws.com/commercetools-maximilian/products/079560_1_large.jpg,,,,,,,,,,,,,,,,,,,,MT980 BB,79560,M0E20000000E1B8,79560,newbalance,no,,43.5,9.5,brown,multi,,multi,,,,business,men,s15,,,,,M0E0000000286,,TRUE
,287,M0E0000000287,EUR 15000;USD 16500,,,https://s3-eu-west-1.amazonaws.com/commercetools-maximilian/products/079560_1_large.jpg,,,,,,,,,,,,,,,,,,,,MT980 BB,79560,M0E20000000E1B8,79560,newbalance,no,,43.5,9.5,brown,multi,,multi,,,,sporty,men,s15,,,,,M0E0000000287,,TRUE
,288,M0E0000000288,EUR 18000;USD 19800,,,https://s3-eu-west-1.amazonaws.com/commercetools-maximilian/products/079560_1_large.jpg,,,,,,,,,,,,,,,,,,,,MT980 BB,79560,M0E20000000E1B8,79560,newbalance,no,,43.5,9.5,brown,multi,,multi,,,,evening,men,s15,,,,,M0E0000000288,,TRUE
,289,M0E0000000289,EUR 17000;USD 18700,,,https://s3-eu-west-1.amazonaws.com/commercetools-maximilian/products/079560_1_large.jpg,,,,,,,,,,,,,,,,,,,,MT980 BB,79560,M0E20000000E1B8,79560,newbalance,no,,43.5,9.5,turquoise,multi,,multi,,,,business,men,s15,,,,,M0E0000000289,,TRUE
,290,M0E0000000290,EUR 15000;USD 16500,,,https://s3-eu-west-1.amazonaws.com/commercetools-maximilian/products/079560_1_large.jpg,,,,,,,,,,,,,,,,,,,,MT980 BB,79560,M0E20000000E1B8,79560,newbalance,no,,43.5,9.5,turquoise,multi,,multi,,,,sporty,men,s15,,,,,M0E0000000290,,TRUE
,291,M0E0000000291,EUR 18000;USD 19800,,,https://s3-eu-west-1.amazonaws.com/commercetools-maximilian/products/079560_1_large.jpg,,,,,,,,,,,,,,,,,,,,MT980 BB,79560,M0E20000000E1B8,79560,newbalance,no,,43.5,9.5,turquoise,multi,,multi,,,,evening,men,s15,,,,,M0E0000000291,,TRUE
,292,M0E0000000292,EUR 17000;USD 18700,,,https://s3-eu-west-1.amazonaws.com/commercetools-maximilian/products/079560_1_large.jpg,,,,,,,,,,,,,,,,,,,,MT980 BB,79560,M0E20000000E1B8,79560,newbalance,no,,43.5,9.5,petrol,multi,,multi,,,,business,men,s15,,,,,M0E0000000292,,TRUE
,293,M0E0000000293,EUR 15000;USD 16500,,,https://s3-eu-west-1.amazonaws.com/commercetools-maximilian/products/079560_1_large.jpg,,,,,,,,,,,,,,,,,,,,MT980 BB,79560,M0E20000000E1B8,79560,newbalance,no,,43.5,9.5,petrol,multi,,multi,,,,sporty,men,s15,,,,,M0E0000000293,,TRUE
,294,M0E0000000294,EUR 18000;USD 19800,,,https://s3-eu-west-1.amazonaws.com/commercetools-maximilian/products/079560_1_large.jpg,,,,,,,,,,,,,,,,,,,,MT980 BB,79560,M0E20000000E1B8,79560,newbalance,no,,43.5,9.5,petrol,multi,,multi,,,,evening,men,s15,,,,,M0E0000000294,,TRUE
,295,M0E0000000295,EUR 17000;USD 18700,,,https://s3-eu-west-1.amazonaws.com/commercetools-maximilian/products/079560_1_large.jpg,,,,,,,,,,,,,,,,,,,,MT980 BB,79560,M0E20000000E1B8,79560,newbalance,no,,43.5,9.5,green,multi,,multi,,,,business,men,s15,,,,,M0E0000000295,,TRUE
,296,M0E0000000296,EUR 15000;USD 16500,,,https://s3-eu-west-1.amazonaws.com/commercetools-maximilian/products/079560_1_large.jpg,,,,,,,,,,,,,,,,,,,,MT980 BB,79560,M0E20000000E1B8,79560,newbalance,no,,43.5,9.5,green,multi,,multi,,,,sporty,men,s15,,,,,M0E0000000296,,TRUE
,297,M0E0000000297,EUR 18000;USD 19800,,,https://s3-eu-west-1.amazonaws.com/commercetools-maximilian/products/079560_1_large.jpg,,,,,,,,,,,,,,,,,,,,MT980 BB,79560,M0E20000000E1B8,79560,newbalance,no,,43.5,9.5,green,multi,,multi,,,,evening,men,s15,,,,,M0E0000000297,,TRUE
,298,M0E0000000298,EUR 17000;USD 18700,,,https://s3-eu-west-1.amazonaws.com/commercetools-maximilian/products/079560_1_large.jpg,,,,,,,,,,,,,,,,,,,,MT980 BB,79560,M0E20000000E1B8,79560,newbalance,no,,43.5,9.5,red,multi,,multi,,,,business,men,s15,,,,,M0E0000000298,,TRUE
,299,M0E0000000299,EUR 15000;USD 16500,,,https://s3-eu-west-1.amazonaws.com/commercetools-maximilian/products/079560_1_large.jpg,,,,,,,,,,,,,,,,,,,,MT980 BB,79560,M0E20000000E1B8,79560,newbalance,no,,43.5,9.5,red,multi,,multi,,,,sporty,men,s15,,,,,M0E0000000299,,TRUE
,300,M0E0000000300,EUR 18000;USD 19800,,,https://s3-eu-west-1.amazonaws.com/commercetools-maximilian/products/079560_1_large.jpg,,,,,,,,,,,,,,,,,,,,MT980 BB,79560,M0E20000000E1B8,79560,newbalance,no,,43.5,9.5,red,multi,,multi,,,,evening,men,s15,,,,,M0E0000000300,,TRUE
,301,M0E0000000301,EUR 17000;USD 18700,,,https://s3-eu-west-1.amazonaws.com/commercetools-maximilian/products/079560_1_large.jpg,,,,,,,,,,,,,,,,,,,,MT980 BB,79560,M0E20000000E1B9,79560,newbalance,no,,44,10,black,multi,,multi,,,,business,men,s15,,,,,M0E0000000301,,TRUE
,302,M0E0000000302,EUR 15000;USD 16500,,,https://s3-eu-west-1.amazonaws.com/commercetools-maximilian/products/079560_1_large.jpg,,,,,,,,,,,,,,,,,,,,MT980 BB,79560,M0E20000000E1B9,79560,newbalance,no,,44,10,black,multi,,multi,,,,sporty,men,s15,,,,,M0E0000000302,,TRUE
,303,M0E0000000303,EUR 18000;USD 19800,,,https://s3-eu-west-1.amazonaws.com/commercetools-maximilian/products/079560_1_large.jpg,,,,,,,,,,,,,,,,,,,,MT980 BB,79560,M0E20000000E1B9,79560,newbalance,no,,44,10,black,multi,,multi,,,,evening,men,s15,,,,,M0E0000000303,,TRUE
,304,M0E0000000304,EUR 17000;USD 18700,,,https://s3-eu-west-1.amazonaws.com/commercetools-maximilian/products/079560_1_large.jpg,,,,,,,,,,,,,,,,,,,,MT980 BB,79560,M0E20000000E1B9,79560,newbalance,no,,44,10,grey,multi,,multi,,,,business,men,s15,,,,,M0E0000000304,,TRUE
,305,M0E0000000305,EUR 15000;USD 16500,,,https://s3-eu-west-1.amazonaws.com/commercetools-maximilian/products/079560_1_large.jpg,,,,,,,,,,,,,,,,,,,,MT980 BB,79560,M0E20000000E1B9,79560,newbalance,no,,44,10,grey,multi,,multi,,,,sporty,men,s15,,,,,M0E0000000305,,TRUE
,306,M0E0000000306,EUR 18000;USD 19800,,,https://s3-eu-west-1.amazonaws.com/commercetools-maximilian/products/079560_1_large.jpg,,,,,,,,,,,,,,,,,,,,MT980 BB,79560,M0E20000000E1B9,79560,newbalance,no,,44,10,grey,multi,,multi,,,,evening,men,s15,,,,,M0E0000000306,,TRUE
,307,M0E0000000307,EUR 17000;USD 18700,,,https://s3-eu-west-1.amazonaws.com/commercetools-maximilian/products/079560_1_large.jpg,,,,,,,,,,,,,,,,,,,,MT980 BB,79560,M0E20000000E1B9,79560,newbalance,no,,44,10,beige,multi,,multi,,,,business,men,s15,,,,,M0E0000000307,,TRUE
,308,M0E0000000308,EUR 15000;USD 16500,,,https://s3-eu-west-1.amazonaws.com/commercetools-maximilian/products/079560_1_large.jpg,,,,,,,,,,,,,,,,,,,,MT980 BB,79560,M0E20000000E1B9,79560,newbalance,no,,44,10,beige,multi,,multi,,,,sporty,men,s15,,,,,M0E0000000308,,TRUE
,309,M0E0000000309,EUR 18000;USD 19800,,,https://s3-eu-west-1.amazonaws.com/commercetools-maximilian/products/079560_1_large.jpg,,,,,,,,,,,,,,,,,,,,MT980 BB,79560,M0E20000000E1B9,79560,newbalance,no,,44,10,beige,multi,,multi,,,,evening,men,s15,,,,,M0E0000000309,,TRUE
,310,M0E0000000310,EUR 17000;USD 18700,,,https://s3-eu-west-1.amazonaws.com/commercetools-maximilian/products/079560_1_large.jpg,,,,,,,,,,,,,,,,,,,,MT980 BB,79560,M0E20000000E1B9,79560,newbalance,no,,44,10,white,multi,,multi,,,,business,men,s15,,,,,M0E0000000310,,TRUE
,311,M0E0000000311,EUR 15000;USD 16500,,,https://s3-eu-west-1.amazonaws.com/commercetools-maximilian/products/079560_1_large.jpg,,,,,,,,,,,,,,,,,,,,MT980 BB,79560,M0E20000000E1B9,79560,newbalance,no,,44,10,white,multi,,multi,,,,sporty,men,s15,,,,,M0E0000000311,,TRUE
,312,M0E0000000312,EUR 18000;USD 19800,,,https://s3-eu-west-1.amazonaws.com/commercetools-maximilian/products/079560_1_large.jpg,,,,,,,,,,,,,,,,,,,,MT980 BB,79560,M0E20000000E1B9,79560,newbalance,no,,44,10,white,multi,,multi,,,,evening,men,s15,,,,,M0E0000000312,,TRUE
,313,M0E0000000313,EUR 17000;USD 18700,,,https://s3-eu-west-1.amazonaws.com/commercetools-maximilian/products/079560_1_large.jpg,,,,,,,,,,,,,,,,,,,,MT980 BB,79560,M0E20000000E1B9,79560,newbalance,no,,44,10,blue,multi,,multi,,,,business,men,s15,,,,,M0E0000000313,,TRUE
,314,M0E0000000314,EUR 15000;USD 16500,,,https://s3-eu-west-1.amazonaws.com/commercetools-maximilian/products/079560_1_large.jpg,,,,,,,,,,,,,,,,,,,,MT980 BB,79560,M0E20000000E1B9,79560,newbalance,no,,44,10,blue,multi,,multi,,,,sporty,men,s15,,,,,M0E0000000314,,TRUE
,315,M0E0000000315,EUR 18000;USD 19800,,,https://s3-eu-west-1.amazonaws.com/commercetools-maximilian/products/079560_1_large.jpg,,,,,,,,,,,,,,,,,,,,MT980 BB,79560,M0E20000000E1B9,79560,newbalance,no,,44,10,blue,multi,,multi,,,,evening,men,s15,,,,,M0E0000000315,,TRUE
,316,M0E0000000316,EUR 17000;USD 18700,,,https://s3-eu-west-1.amazonaws.com/commercetools-maximilian/products/079560_1_large.jpg,,,,,,,,,,,,,,,,,,,,MT980 BB,79560,M0E20000000E1B9,79560,newbalance,no,,44,10,brown,multi,,multi,,,,business,men,s15,,,,,M0E0000000316,,TRUE
,317,M0E0000000317,EUR 15000;USD 16500,,,https://s3-eu-west-1.amazonaws.com/commercetools-maximilian/products/079560_1_large.jpg,,,,,,,,,,,,,,,,,,,,MT980 BB,79560,M0E20000000E1B9,79560,newbalance,no,,44,10,brown,multi,,multi,,,,sporty,men,s15,,,,,M0E0000000317,,TRUE
,318,M0E0000000318,EUR 18000;USD 19800,,,https://s3-eu-west-1.amazonaws.com/commercetools-maximilian/products/079560_1_large.jpg,,,,,,,,,,,,,,,,,,,,MT980 BB,79560,M0E20000000E1B9,79560,newbalance,no,,44,10,brown,multi,,multi,,,,evening,men,s15,,,,,M0E0000000318,,TRUE
,319,M0E0000000319,EUR 17000;USD 18700,,,https://s3-eu-west-1.amazonaws.com/commercetools-maximilian/products/079560_1_large.jpg,,,,,,,,,,,,,,,,,,,,MT980 BB,79560,M0E20000000E1B9,79560,newbalance,no,,44,10,turquoise,multi,,multi,,,,business,men,s15,,,,,M0E0000000319,,TRUE
,320,M0E0000000320,EUR 15000;USD 16500,,,https://s3-eu-west-1.amazonaws.com/commercetools-maximilian/products/079560_1_large.jpg,,,,,,,,,,,,,,,,,,,,MT980 BB,79560,M0E20000000E1B9,79560,newbalance,no,,44,10,turquoise,multi,,multi,,,,sporty,men,s15,,,,,M0E0000000320,,TRUE
,321,M0E0000000321,EUR 18000;USD 19800,,,https://s3-eu-west-1.amazonaws.com/commercetools-maximilian/products/079560_1_large.jpg,,,,,,,,,,,,,,,,,,,,MT980 BB,79560,M0E20000000E1B9,79560,newbalance,no,,44,10,turquoise,multi,,multi,,,,evening,men,s15,,,,,M0E0000000321,,TRUE
,322,M0E0000000322,EUR 17000;USD 18700,,,https://s3-eu-west-1.amazonaws.com/commercetools-maximilian/products/079560_1_large.jpg,,,,,,,,,,,,,,,,,,,,MT980 BB,79560,M0E20000000E1B9,79560,newbalance,no,,44,10,petrol,multi,,multi,,,,business,men,s15,,,,,M0E0000000322,,TRUE
,323,M0E0000000323,EUR 15000;USD 16500,,,https://s3-eu-west-1.amazonaws.com/commercetools-maximilian/products/079560_1_large.jpg,,,,,,,,,,,,,,,,,,,,MT980 BB,79560,M0E20000000E1B9,79560,newbalance,no,,44,10,petrol,multi,,multi,,,,sporty,men,s15,,,,,M0E0000000323,,TRUE
,324,M0E0000000324,EUR 18000;USD 19800,,,https://s3-eu-west-1.amazonaws.com/commercetools-maximilian/products/079560_1_large.jpg,,,,,,,,,,,,,,,,,,,,MT980 BB,79560,M0E20000000E1B9,79560,newbalance,no,,44,10,petrol,multi,,multi,,,,evening,men,s15,,,,,M0E0000000324,,TRUE
,325,M0E0000000325,EUR 17000;USD 18700,,,https://s3-eu-west-1.amazonaws.com/commercetools-maximilian/products/079560_1_large.jpg,,,,,,,,,,,,,,,,,,,,MT980 BB,79560,M0E20000000E1B9,79560,newbalance,no,,44,10,green,multi,,multi,,,,business,men,s15,,,,,M0E0000000325,,TRUE
,326,M0E0000000326,EUR 15000;USD 16500,,,https://s3-eu-west-1.amazonaws.com/commercetools-maximilian/products/079560_1_large.jpg,,,,,,,,,,,,,,,,,,,,MT980 BB,79560,M0E20000000E1B9,79560,newbalance,no,,44,10,green,multi,,multi,,,,sporty,men,s15,,,,,M0E0000000326,,TRUE
,327,M0E0000000327,EUR 18000;USD 19800,,,https://s3-eu-west-1.amazonaws.com/commercetools-maximilian/products/079560_1_large.jpg,,,,,,,,,,,,,,,,,,,,MT980 BB,79560,M0E20000000E1B9,79560,newbalance,no,,44,10,green,multi,,multi,,,,evening,men,s15,,,,,M0E0000000327,,TRUE
,328,M0E0000000328,EUR 17000;USD 18700,,,https://s3-eu-west-1.amazonaws.com/commercetools-maximilian/products/079560_1_large.jpg,,,,,,,,,,,,,,,,,,,,MT980 BB,79560,M0E20000000E1B9,79560,newbalance,no,,44,10,red,multi,,multi,,,,business,men,s15,,,,,M0E0000000328,,TRUE
,329,M0E0000000329,EUR 15000;USD 16500,,,https://s3-eu-west-1.amazonaws.com/commercetools-maximilian/products/079560_1_large.jpg,,,,,,,,,,,,,,,,,,,,MT980 BB,79560,M0E20000000E1B9,79560,newbalance,no,,44,10,red,multi,,multi,,,,sporty,men,s15,,,,,M0E0000000329,,TRUE
,330,M0E0000000330,EUR 18000;USD 19800,,,https://s3-eu-west-1.amazonaws.com/commercetools-maximilian/products/079560_1_large.jpg,,,,,,,,,,,,,,,,,,,,MT980 BB,79560,M0E20000000E1B9,79560,newbalance,no,,44,10,red,multi,,multi,,,,evening,men,s15,,,,,M0E0000000330,,TRUE
,331,M0E0000000331,EUR 17000;USD 18700,,,https://s3-eu-west-1.amazonaws.com/commercetools-maximilian/products/079560_1_large.jpg,,,,,,,,,,,,,,,,,,,,MT980 BB,79560,M0E20000000E1BA,79560,newbalance,no,,44.5,10.5,black,multi,,multi,,,,business,men,s15,,,,,M0E0000000331,,TRUE
,332,M0E0000000332,EUR 15000;USD 16500,,,https://s3-eu-west-1.amazonaws.com/commercetools-maximilian/products/079560_1_large.jpg,,,,,,,,,,,,,,,,,,,,MT980 BB,79560,M0E20000000E1BA,79560,newbalance,no,,44.5,10.5,black,multi,,multi,,,,sporty,men,s15,,,,,M0E0000000332,,TRUE
,333,M0E0000000333,EUR 18000;USD 19800,,,https://s3-eu-west-1.amazonaws.com/commercetools-maximilian/products/079560_1_large.jpg,,,,,,,,,,,,,,,,,,,,MT980 BB,79560,M0E20000000E1BA,79560,newbalance,no,,44.5,10.5,black,multi,,multi,,,,evening,men,s15,,,,,M0E0000000333,,TRUE
,334,M0E0000000334,EUR 17000;USD 18700,,,https://s3-eu-west-1.amazonaws.com/commercetools-maximilian/products/079560_1_large.jpg,,,,,,,,,,,,,,,,,,,,MT980 BB,79560,M0E20000000E1BA,79560,newbalance,no,,44.5,10.5,grey,multi,,multi,,,,business,men,s15,,,,,M0E0000000334,,TRUE
,335,M0E0000000335,EUR 15000;USD 16500,,,https://s3-eu-west-1.amazonaws.com/commercetools-maximilian/products/079560_1_large.jpg,,,,,,,,,,,,,,,,,,,,MT980 BB,79560,M0E20000000E1BA,79560,newbalance,no,,44.5,10.5,grey,multi,,multi,,,,sporty,men,s15,,,,,M0E0000000335,,TRUE
,336,M0E0000000336,EUR 18000;USD 19800,,,https://s3-eu-west-1.amazonaws.com/commercetools-maximilian/products/079560_1_large.jpg,,,,,,,,,,,,,,,,,,,,MT980 BB,79560,M0E20000000E1BA,79560,newbalance,no,,44.5,10.5,grey,multi,,multi,,,,evening,men,s15,,,,,M0E0000000336,,TRUE
,337,M0E0000000337,EUR 17000;USD 18700,,,https://s3-eu-west-1.amazonaws.com/commercetools-maximilian/products/079560_1_large.jpg,,,,,,,,,,,,,,,,,,,,MT980 BB,79560,M0E20000000E1BA,79560,newbalance,no,,44.5,10.5,beige,multi,,multi,,,,business,men,s15,,,,,M0E0000000337,,TRUE
,338,M0E0000000338,EUR 15000;USD 16500,,,https://s3-eu-west-1.amazonaws.com/commercetools-maximilian/products/079560_1_large.jpg,,,,,,,,,,,,,,,,,,,,MT980 BB,79560,M0E20000000E1BA,79560,newbalance,no,,44.5,10.5,beige,multi,,multi,,,,sporty,men,s15,,,,,M0E0000000338,,TRUE
,339,M0E0000000339,EUR 18000;USD 19800,,,https://s3-eu-west-1.amazonaws.com/commercetools-maximilian/products/079560_1_large.jpg,,,,,,,,,,,,,,,,,,,,MT980 BB,79560,M0E20000000E1BA,79560,newbalance,no,,44.5,10.5,beige,multi,,multi,,,,evening,men,s15,,,,,M0E0000000339,,TRUE
,340,M0E0000000340,EUR 17000;USD 18700,,,https://s3-eu-west-1.amazonaws.com/commercetools-maximilian/products/079560_1_large.jpg,,,,,,,,,,,,,,,,,,,,MT980 BB,79560,M0E20000000E1BA,79560,newbalance,no,,44.5,10.5,white,multi,,multi,,,,business,men,s15,,,,,M0E0000000340,,TRUE
,341,M0E0000000341,EUR 15000;USD 16500,,,https://s3-eu-west-1.amazonaws.com/commercetools-maximilian/products/079560_1_large.jpg,,,,,,,,,,,,,,,,,,,,MT980 BB,79560,M0E20000000E1BA,79560,newbalance,no,,44.5,10.5,white,multi,,multi,,,,sporty,men,s15,,,,,M0E0000000341,,TRUE
,342,M0E0000000342,EUR 18000;USD 19800,,,https://s3-eu-west-1.amazonaws.com/commercetools-maximilian/products/079560_1_large.jpg,,,,,,,,,,,,,,,,,,,,MT980 BB,79560,M0E20000000E1BA,79560,newbalance,no,,44.5,10.5,white,multi,,multi,,,,evening,men,s15,,,,,M0E0000000342,,TRUE
,343,M0E0000000343,EUR 17000;USD 18700,,,https://s3-eu-west-1.amazonaws.com/commercetools-maximilian/products/079560_1_large.jpg,,,,,,,,,,,,,,,,,,,,MT980 BB,79560,M0E20000000E1BA,79560,newbalance,no,,44.5,10.5,blue,multi,,multi,,,,business,men,s15,,,,,M0E0000000343,,TRUE
,344,M0E0000000344,EUR 15000;USD 16500,,,https://s3-eu-west-1.amazonaws.com/commercetools-maximilian/products/079560_1_large.jpg,,,,,,,,,,,,,,,,,,,,MT980 BB,79560,M0E20000000E1BA,79560,newbalance,no,,44.5,10.5,blue,multi,,multi,,,,sporty,men,s15,,,,,M0E0000000344,,TRUE
,345,M0E0000000345,EUR 18000;USD 19800,,,https://s3-eu-west-1.amazonaws.com/commercetools-maximilian/products/079560_1_large.jpg,,,,,,,,,,,,,,,,,,,,MT980 BB,79560,M0E20000000E1BA,79560,newbalance,no,,44.5,10.5,blue,multi,,multi,,,,evening,men,s15,,,,,M0E0000000345,,TRUE
,346,M0E0000000346,EUR 17000;USD 18700,,,https://s3-eu-west-1.amazonaws.com/commercetools-maximilian/products/079560_1_large.jpg,,,,,,,,,,,,,,,,,,,,MT980 BB,79560,M0E20000000E1BA,79560,newbalance,no,,44.5,10.5,brown,multi,,multi,,,,business,men,s15,,,,,M0E0000000346,,TRUE
,347,M0E0000000347,EUR 15000;USD 16500,,,https://s3-eu-west-1.amazonaws.com/commercetools-maximilian/products/079560_1_large.jpg,,,,,,,,,,,,,,,,,,,,MT980 BB,79560,M0E20000000E1BA,79560,newbalance,no,,44.5,10.5,brown,multi,,multi,,,,sporty,men,s15,,,,,M0E0000000347,,TRUE
,348,M0E0000000348,EUR 18000;USD 19800,,,https://s3-eu-west-1.amazonaws.com/commercetools-maximilian/products/079560_1_large.jpg,,,,,,,,,,,,,,,,,,,,MT980 BB,79560,M0E20000000E1BA,79560,newbalance,no,,44.5,10.5,brown,multi,,multi,,,,evening,men,s15,,,,,M0E0000000348,,TRUE
,349,M0E0000000349,EUR 17000;USD 18700,,,https://s3-eu-west-1.amazonaws.com/commercetools-maximilian/products/079560_1_large.jpg,,,,,,,,,,,,,,,,,,,,MT980 BB,79560,M0E20000000E1BA,79560,newbalance,no,,44.5,10.5,turquoise,multi,,multi,,,,business,men,s15,,,,,M0E0000000349,,TRUE
,350,M0E0000000350,EUR 15000;USD 16500,,,https://s3-eu-west-1.amazonaws.com/commercetools-maximilian/products/079560_1_large.jpg,,,,,,,,,,,,,,,,,,,,MT980 BB,79560,M0E20000000E1BA,79560,newbalance,no,,44.5,10.5,turquoise,multi,,multi,,,,sporty,men,s15,,,,,M0E0000000350,,TRUE
,351,M0E0000000351,EUR 18000;USD 19800,,,https://s3-eu-west-1.amazonaws.com/commercetools-maximilian/products/079560_1_large.jpg,,,,,,,,,,,,,,,,,,,,MT980 BB,79560,M0E20000000E1BA,79560,newbalance,no,,44.5,10.5,turquoise,multi,,multi,,,,evening,men,s15,,,,,M0E0000000351,,TRUE
,352,M0E0000000352,EUR 17000;USD 18700,,,https://s3-eu-west-1.amazonaws.com/commercetools-maximilian/products/079560_1_large.jpg,,,,,,,,,,,,,,,,,,,,MT980 BB,79560,M0E20000000E1BA,79560,newbalance,no,,44.5,10.5,petrol,multi,,multi,,,,business,men,s15,,,,,M0E0000000352,,TRUE
,353,M0E0000000353,EUR 15000;USD 16500,,,https://s3-eu-west-1.amazonaws.com/commercetools-maximilian/products/079560_1_large.jpg,,,,,,,,,,,,,,,,,,,,MT980 BB,79560,M0E20000000E1BA,79560,newbalance,no,,44.5,10.5,petrol,multi,,multi,,,,sporty,men,s15,,,,,M0E0000000353,,TRUE
,354,M0E0000000354,EUR 18000;USD 19800,,,https://s3-eu-west-1.amazonaws.com/commercetools-maximilian/products/079560_1_large.jpg,,,,,,,,,,,,,,,,,,,,MT980 BB,79560,M0E20000000E1BA,79560,newbalance,no,,44.5,10.5,petrol,multi,,multi,,,,evening,men,s15,,,,,M0E0000000354,,TRUE
,355,M0E0000000355,EUR 17000;USD 18700,,,https://s3-eu-west-1.amazonaws.com/commercetools-maximilian/products/079560_1_large.jpg,,,,,,,,,,,,,,,,,,,,MT980 BB,79560,M0E20000000E1BA,79560,newbalance,no,,44.5,10.5,green,multi,,multi,,,,business,men,s15,,,,,M0E0000000355,,TRUE
,356,M0E0000000356,EUR 15000;USD 16500,,,https://s3-eu-west-1.amazonaws.com/commercetools-maximilian/products/079560_1_large.jpg,,,,,,,,,,,,,,,,,,,,MT980 BB,79560,M0E20000000E1BA,79560,newbalance,no,,44.5,10.5,green,multi,,multi,,,,sporty,men,s15,,,,,M0E0000000356,,TRUE
,357,M0E0000000357,EUR 18000;USD 19800,,,https://s3-eu-west-1.amazonaws.com/commercetools-maximilian/products/079560_1_large.jpg,,,,,,,,,,,,,,,,,,,,MT980 BB,79560,M0E20000000E1BA,79560,newbalance,no,,44.5,10.5,green,multi,,multi,,,,evening,men,s15,,,,,M0E0000000357,,TRUE
,358,M0E0000000358,EUR 17000;USD 18700,,,https://s3-eu-west-1.amazonaws.com/commercetools-maximilian/products/079560_1_large.jpg,,,,,,,,,,,,,,,,,,,,MT980 BB,79560,M0E20000000E1BA,79560,newbalance,no,,44.5,10.5,red,multi,,multi,,,,business,men,s15,,,,,M0E0000000358,,TRUE
,359,M0E0000000359,EUR 15000;USD 16500,,,https://s3-eu-west-1.amazonaws.com/commercetools-maximilian/products/079560_1_large.jpg,,,,,,,,,,,,,,,,,,,,MT980 BB,79560,M0E20000000E1BA,79560,newbalance,no,,44.5,10.5,red,multi,,multi,,,,sporty,men,s15,,,,,M0E0000000359,,TRUE
,360,M0E0000000360,EUR 18000;USD 19800,,,https://s3-eu-west-1.amazonaws.com/commercetools-maximilian/products/079560_1_large.jpg,,,,,,,,,,,,,,,,,,,,MT980 BB,79560,M0E20000000E1BA,79560,newbalance,no,,44.5,10.5,red,multi,,multi,,,,evening,men,s15,,,,,M0E0000000360,,TRUE
,361,M0E0000000361,EUR 17000;USD 18700,,,https://s3-eu-west-1.amazonaws.com/commercetools-maximilian/products/079560_1_large.jpg,,,,,,,,,,,,,,,,,,,,MT980 BB,79560,M0E20000000E1BB,79560,newbalance,no,,45,11,black,multi,,multi,,,,business,men,s15,TRUE,,,,M0E0000000361,,TRUE
,362,M0E0000000362,EUR 15000;USD 16500,,,https://s3-eu-west-1.amazonaws.com/commercetools-maximilian/products/079560_1_large.jpg,,,,,,,,,,,,,,,,,,,,MT980 BB,79560,M0E20000000E1BB,79560,newbalance,no,,45,11,black,multi,,multi,,,,sporty,men,s15,TRUE,,,,M0E0000000362,,TRUE
,363,M0E0000000363,EUR 18000;USD 19800,,,https://s3-eu-west-1.amazonaws.com/commercetools-maximilian/products/079560_1_large.jpg,,,,,,,,,,,,,,,,,,,,MT980 BB,79560,M0E20000000E1BB,79560,newbalance,no,,45,11,black,multi,,multi,,,,evening,men,s15,TRUE,,,,M0E0000000363,,TRUE
,364,M0E0000000364,EUR 17000;USD 18700,,,https://s3-eu-west-1.amazonaws.com/commercetools-maximilian/products/079560_1_large.jpg,,,,,,,,,,,,,,,,,,,,MT980 BB,79560,M0E20000000E1BB,79560,newbalance,no,,45,11,grey,multi,,multi,,,,business,men,s15,TRUE,,,,M0E0000000364,,TRUE
,365,M0E0000000365,EUR 15000;USD 16500,,,https://s3-eu-west-1.amazonaws.com/commercetools-maximilian/products/079560_1_large.jpg,,,,,,,,,,,,,,,,,,,,MT980 BB,79560,M0E20000000E1BB,79560,newbalance,no,,45,11,grey,multi,,multi,,,,sporty,men,s15,TRUE,,,,M0E0000000365,,TRUE
,366,M0E0000000366,EUR 18000;USD 19800,,,https://s3-eu-west-1.amazonaws.com/commercetools-maximilian/products/079560_1_large.jpg,,,,,,,,,,,,,,,,,,,,MT980 BB,79560,M0E20000000E1BB,79560,newbalance,no,,45,11,grey,multi,,multi,,,,evening,men,s15,TRUE,,,,M0E0000000366,,TRUE
,367,M0E0000000367,EUR 17000;USD 18700,,,https://s3-eu-west-1.amazonaws.com/commercetools-maximilian/products/079560_1_large.jpg,,,,,,,,,,,,,,,,,,,,MT980 BB,79560,M0E20000000E1BB,79560,newbalance,no,,45,11,beige,multi,,multi,,,,business,men,s15,TRUE,,,,M0E0000000367,,TRUE
,368,M0E0000000368,EUR 15000;USD 16500,,,https://s3-eu-west-1.amazonaws.com/commercetools-maximilian/products/079560_1_large.jpg,,,,,,,,,,,,,,,,,,,,MT980 BB,79560,M0E20000000E1BB,79560,newbalance,no,,45,11,beige,multi,,multi,,,,sporty,men,s15,TRUE,,,,M0E0000000368,,TRUE
,369,M0E0000000369,EUR 18000;USD 19800,,,https://s3-eu-west-1.amazonaws.com/commercetools-maximilian/products/079560_1_large.jpg,,,,,,,,,,,,,,,,,,,,MT980 BB,79560,M0E20000000E1BB,79560,newbalance,no,,45,11,beige,multi,,multi,,,,evening,men,s15,TRUE,,,,M0E0000000369,,TRUE
,370,M0E0000000370,EUR 17000;USD 18700,,,https://s3-eu-west-1.amazonaws.com/commercetools-maximilian/products/079560_1_large.jpg,,,,,,,,,,,,,,,,,,,,MT980 BB,79560,M0E20000000E1BB,79560,newbalance,no,,45,11,white,multi,,multi,,,,business,men,s15,TRUE,,,,M0E0000000370,,TRUE
,371,M0E0000000371,EUR 15000;USD 16500,,,https://s3-eu-west-1.amazonaws.com/commercetools-maximilian/products/079560_1_large.jpg,,,,,,,,,,,,,,,,,,,,MT980 BB,79560,M0E20000000E1BB,79560,newbalance,no,,45,11,white,multi,,multi,,,,sporty,men,s15,TRUE,,,,M0E0000000371,,TRUE
,372,M0E0000000372,EUR 18000;USD 19800,,,https://s3-eu-west-1.amazonaws.com/commercetools-maximilian/products/079560_1_large.jpg,,,,,,,,,,,,,,,,,,,,MT980 BB,79560,M0E20000000E1BB,79560,newbalance,no,,45,11,white,multi,,multi,,,,evening,men,s15,TRUE,,,,M0E0000000372,,TRUE
,373,M0E0000000373,EUR 17000;USD 18700,,,https://s3-eu-west-1.amazonaws.com/commercetools-maximilian/products/079560_1_large.jpg,,,,,,,,,,,,,,,,,,,,MT980 BB,79560,M0E20000000E1BB,79560,newbalance,no,,45,11,blue,multi,,multi,,,,business,men,s15,TRUE,,,,M0E0000000373,,TRUE
,374,M0E0000000374,EUR 15000;USD 16500,,,https://s3-eu-west-1.amazonaws.com/commercetools-maximilian/products/079560_1_large.jpg,,,,,,,,,,,,,,,,,,,,MT980 BB,79560,M0E20000000E1BB,79560,newbalance,no,,45,11,blue,multi,,multi,,,,sporty,men,s15,TRUE,,,,M0E0000000374,,TRUE
,375,M0E0000000375,EUR 18000;USD 19800,,,https://s3-eu-west-1.amazonaws.com/commercetools-maximilian/products/079560_1_large.jpg,,,,,,,,,,,,,,,,,,,,MT980 BB,79560,M0E20000000E1BB,79560,newbalance,no,,45,11,blue,multi,,multi,,,,evening,men,s15,TRUE,,,,M0E0000000375,,TRUE
,376,M0E0000000376,EUR 17000;USD 18700,,,https://s3-eu-west-1.amazonaws.com/commercetools-maximilian/products/079560_1_large.jpg,,,,,,,,,,,,,,,,,,,,MT980 BB,79560,M0E20000000E1BB,79560,newbalance,no,,45,11,brown,multi,,multi,,,,business,men,s15,TRUE,,,,M0E0000000376,,TRUE
,377,M0E0000000377,EUR 15000;USD 16500,,,https://s3-eu-west-1.amazonaws.com/commercetools-maximilian/products/079560_1_large.jpg,,,,,,,,,,,,,,,,,,,,MT980 BB,79560,M0E20000000E1BB,79560,newbalance,no,,45,11,brown,multi,,multi,,,,sporty,men,s15,TRUE,,,,M0E0000000377,,TRUE
,378,M0E0000000378,EUR 18000;USD 19800,,,https://s3-eu-west-1.amazonaws.com/commercetools-maximilian/products/079560_1_large.jpg,,,,,,,,,,,,,,,,,,,,MT980 BB,79560,M0E20000000E1BB,79560,newbalance,no,,45,11,brown,multi,,multi,,,,evening,men,s15,TRUE,,,,M0E0000000378,,TRUE
,379,M0E0000000379,EUR 17000;USD 18700,,,https://s3-eu-west-1.amazonaws.com/commercetools-maximilian/products/079560_1_large.jpg,,,,,,,,,,,,,,,,,,,,MT980 BB,79560,M0E20000000E1BB,79560,newbalance,no,,45,11,turquoise,multi,,multi,,,,business,men,s15,TRUE,,,,M0E0000000379,,TRUE
,380,M0E0000000380,EUR 15000;USD 16500,,,https://s3-eu-west-1.amazonaws.com/commercetools-maximilian/products/079560_1_large.jpg,,,,,,,,,,,,,,,,,,,,MT980 BB,79560,M0E20000000E1BB,79560,newbalance,no,,45,11,turquoise,multi,,multi,,,,sporty,men,s15,TRUE,,,,M0E0000000380,,TRUE
,381,M0E0000000381,EUR 18000;USD 19800,,,https://s3-eu-west-1.amazonaws.com/commercetools-maximilian/products/079560_1_large.jpg,,,,,,,,,,,,,,,,,,,,MT980 BB,79560,M0E20000000E1BB,79560,newbalance,no,,45,11,turquoise,multi,,multi,,,,evening,men,s15,TRUE,,,,M0E0000000381,,TRUE
,382,M0E0000000382,EUR 17000;USD 18700,,,https://s3-eu-west-1.amazonaws.com/commercetools-maximilian/products/079560_1_large.jpg,,,,,,,,,,,,,,,,,,,,MT980 BB,79560,M0E20000000E1BB,79560,newbalance,no,,45,11,petrol,multi,,multi,,,,business,men,s15,TRUE,,,,M0E0000000382,,TRUE
,383,M0E0000000383,EUR 15000;USD 16500,,,https://s3-eu-west-1.amazonaws.com/commercetools-maximilian/products/079560_1_large.jpg,,,,,,,,,,,,,,,,,,,,MT980 BB,79560,M0E20000000E1BB,79560,newbalance,no,,45,11,petrol,multi,,multi,,,,sporty,men,s15,TRUE,,,,M0E0000000383,,TRUE
,384,M0E0000000384,EUR 18000;USD 19800,,,https://s3-eu-west-1.amazonaws.com/commercetools-maximilian/products/079560_1_large.jpg,,,,,,,,,,,,,,,,,,,,MT980 BB,79560,M0E20000000E1BB,79560,newbalance,no,,45,11,petrol,multi,,multi,,,,evening,men,s15,TRUE,,,,M0E0000000384,,TRUE
,385,M0E0000000385,EUR 17000;USD 18700,,,https://s3-eu-west-1.amazonaws.com/commercetools-maximilian/products/079560_1_large.jpg,,,,,,,,,,,,,,,,,,,,MT980 BB,79560,M0E20000000E1BB,79560,newbalance,no,,45,11,green,multi,,multi,,,,business,men,s15,TRUE,,,,M0E0000000385,,TRUE
,386,M0E0000000386,EUR 15000;USD 16500,,,https://s3-eu-west-1.amazonaws.com/commercetools-maximilian/products/079560_1_large.jpg,,,,,,,,,,,,,,,,,,,,MT980 BB,79560,M0E20000000E1BB,79560,newbalance,no,,45,11,green,multi,,multi,,,,sporty,men,s15,TRUE,,,,M0E0000000386,,TRUE
,387,M0E0000000387,EUR 18000;USD 19800,,,https://s3-eu-west-1.amazonaws.com/commercetools-maximilian/products/079560_1_large.jpg,,,,,,,,,,,,,,,,,,,,MT980 BB,79560,M0E20000000E1BB,79560,newbalance,no,,45,11,green,multi,,multi,,,,evening,men,s15,TRUE,,,,M0E0000000387,,TRUE
,388,M0E0000000388,EUR 17000;USD 18700,,,https://s3-eu-west-1.amazonaws.com/commercetools-maximilian/products/079560_1_large.jpg,,,,,,,,,,,,,,,,,,,,MT980 BB,79560,M0E20000000E1BB,79560,newbalance,no,,45,11,red,multi,,multi,,,,business,men,s15,TRUE,,,,M0E0000000388,,TRUE
,389,M0E0000000389,EUR 15000;USD 16500,,,https://s3-eu-west-1.amazonaws.com/commercetools-maximilian/products/079560_1_large.jpg,,,,,,,,,,,,,,,,,,,,MT980 BB,79560,M0E20000000E1BB,79560,newbalance,no,,45,11,red,multi,,multi,,,,sporty,men,s15,TRUE,,,,M0E0000000389,,TRUE
,390,M0E0000000390,EUR 18000;USD 19800,,,https://s3-eu-west-1.amazonaws.com/commercetools-maximilian/products/079560_1_large.jpg,,,,,,,,,,,,,,,,,,,,MT980 BB,79560,M0E20000000E1BB,79560,newbalance,no,,45,11,red,multi,,multi,,,,evening,men,s15,TRUE,,,,M0E0000000390,,TRUE
,391,M0E0000000391,EUR 17000;USD 18700,,,https://s3-eu-west-1.amazonaws.com/commercetools-maximilian/products/079560_1_large.jpg,,,,,,,,,,,,,,,,,,,,MT980 BB,79560,M0E20000000E1BC,79560,newbalance,no,,45.5,11.5,black,multi,,multi,,,,business,men,s15,,,,,M0E0000000391,,TRUE
,392,M0E0000000392,EUR 15000;USD 16500,,,https://s3-eu-west-1.amazonaws.com/commercetools-maximilian/products/079560_1_large.jpg,,,,,,,,,,,,,,,,,,,,MT980 BB,79560,M0E20000000E1BC,79560,newbalance,no,,45.5,11.5,black,multi,,multi,,,,sporty,men,s15,,,,,M0E0000000392,,TRUE
,393,M0E0000000393,EUR 18000;USD 19800,,,https://s3-eu-west-1.amazonaws.com/commercetools-maximilian/products/079560_1_large.jpg,,,,,,,,,,,,,,,,,,,,MT980 BB,79560,M0E20000000E1BC,79560,newbalance,no,,45.5,11.5,black,multi,,multi,,,,evening,men,s15,,,,,M0E0000000393,,TRUE
,394,M0E0000000394,EUR 17000;USD 18700,,,https://s3-eu-west-1.amazonaws.com/commercetools-maximilian/products/079560_1_large.jpg,,,,,,,,,,,,,,,,,,,,MT980 BB,79560,M0E20000000E1BC,79560,newbalance,no,,45.5,11.5,grey,multi,,multi,,,,business,men,s15,,,,,M0E0000000394,,TRUE
,395,M0E0000000395,EUR 15000;USD 16500,,,https://s3-eu-west-1.amazonaws.com/commercetools-maximilian/products/079560_1_large.jpg,,,,,,,,,,,,,,,,,,,,MT980 BB,79560,M0E20000000E1BC,79560,newbalance,no,,45.5,11.5,grey,multi,,multi,,,,sporty,men,s15,,,,,M0E0000000395,,TRUE
,396,M0E0000000396,EUR 18000;USD 19800,,,https://s3-eu-west-1.amazonaws.com/commercetools-maximilian/products/079560_1_large.jpg,,,,,,,,,,,,,,,,,,,,MT980 BB,79560,M0E20000000E1BC,79560,newbalance,no,,45.5,11.5,grey,multi,,multi,,,,evening,men,s15,,,,,M0E0000000396,,TRUE
,397,M0E0000000397,EUR 17000;USD 18700,,,https://s3-eu-west-1.amazonaws.com/commercetools-maximilian/products/079560_1_large.jpg,,,,,,,,,,,,,,,,,,,,MT980 BB,79560,M0E20000000E1BC,79560,newbalance,no,,45.5,11.5,beige,multi,,multi,,,,business,men,s15,,,,,M0E0000000397,,TRUE
,398,M0E0000000398,EUR 15000;USD 16500,,,https://s3-eu-west-1.amazonaws.com/commercetools-maximilian/products/079560_1_large.jpg,,,,,,,,,,,,,,,,,,,,MT980 BB,79560,M0E20000000E1BC,79560,newbalance,no,,45.5,11.5,beige,multi,,multi,,,,sporty,men,s15,,,,,M0E0000000398,,TRUE
,399,M0E0000000399,EUR 18000;USD 19800,,,https://s3-eu-west-1.amazonaws.com/commercetools-maximilian/products/079560_1_large.jpg,,,,,,,,,,,,,,,,,,,,MT980 BB,79560,M0E20000000E1BC,79560,newbalance,no,,45.5,11.5,beige,multi,,multi,,,,evening,men,s15,,,,,M0E0000000399,,TRUE
,400,M0E0000000400,EUR 17000;USD 18700,,,https://s3-eu-west-1.amazonaws.com/commercetools-maximilian/products/079560_1_large.jpg,,,,,,,,,,,,,,,,,,,,MT980 BB,79560,M0E20000000E1BC,79560,newbalance,no,,45.5,11.5,white,multi,,multi,,,,business,men,s15,,,,,M0E0000000400,,TRUE
,401,M0E0000000401,EUR 15000;USD 16500,,,https://s3-eu-west-1.amazonaws.com/commercetools-maximilian/products/079560_1_large.jpg,,,,,,,,,,,,,,,,,,,,MT980 BB,79560,M0E20000000E1BC,79560,newbalance,no,,45.5,11.5,white,multi,,multi,,,,sporty,men,s15,,,,,M0E0000000401,,TRUE
,402,M0E0000000402,EUR 18000;USD 19800,,,https://s3-eu-west-1.amazonaws.com/commercetools-maximilian/products/079560_1_large.jpg,,,,,,,,,,,,,,,,,,,,MT980 BB,79560,M0E20000000E1BC,79560,newbalance,no,,45.5,11.5,white,multi,,multi,,,,evening,men,s15,,,,,M0E0000000402,,TRUE
,403,M0E0000000403,EUR 17000;USD 18700,,,https://s3-eu-west-1.amazonaws.com/commercetools-maximilian/products/079560_1_large.jpg,,,,,,,,,,,,,,,,,,,,MT980 BB,79560,M0E20000000E1BC,79560,newbalance,no,,45.5,11.5,blue,multi,,multi,,,,business,men,s15,,,,,M0E0000000403,,TRUE
,404,M0E0000000404,EUR 15000;USD 16500,,,https://s3-eu-west-1.amazonaws.com/commercetools-maximilian/products/079560_1_large.jpg,,,,,,,,,,,,,,,,,,,,MT980 BB,79560,M0E20000000E1BC,79560,newbalance,no,,45.5,11.5,blue,multi,,multi,,,,sporty,men,s15,,,,,M0E0000000404,,TRUE
,405,M0E0000000405,EUR 18000;USD 19800,,,https://s3-eu-west-1.amazonaws.com/commercetools-maximilian/products/079560_1_large.jpg,,,,,,,,,,,,,,,,,,,,MT980 BB,79560,M0E20000000E1BC,79560,newbalance,no,,45.5,11.5,blue,multi,,multi,,,,evening,men,s15,,,,,M0E0000000405,,TRUE
,406,M0E0000000406,EUR 17000;USD 18700,,,https://s3-eu-west-1.amazonaws.com/commercetools-maximilian/products/079560_1_large.jpg,,,,,,,,,,,,,,,,,,,,MT980 BB,79560,M0E20000000E1BC,79560,newbalance,no,,45.5,11.5,brown,multi,,multi,,,,business,men,s15,,,,,M0E0000000406,,TRUE
,407,M0E0000000407,EUR 15000;USD 16500,,,https://s3-eu-west-1.amazonaws.com/commercetools-maximilian/products/079560_1_large.jpg,,,,,,,,,,,,,,,,,,,,MT980 BB,79560,M0E20000000E1BC,79560,newbalance,no,,45.5,11.5,brown,multi,,multi,,,,sporty,men,s15,,,,,M0E0000000407,,TRUE
,408,M0E0000000408,EUR 18000;USD 19800,,,https://s3-eu-west-1.amazonaws.com/commercetools-maximilian/products/079560_1_large.jpg,,,,,,,,,,,,,,,,,,,,MT980 BB,79560,M0E20000000E1BC,79560,newbalance,no,,45.5,11.5,brown,multi,,multi,,,,evening,men,s15,,,,,M0E0000000408,,TRUE
,409,M0E0000000409,EUR 17000;USD 18700,,,https://s3-eu-west-1.amazonaws.com/commercetools-maximilian/products/079560_1_large.jpg,,,,,,,,,,,,,,,,,,,,MT980 BB,79560,M0E20000000E1BC,79560,newbalance,no,,45.5,11.5,turquoise,multi,,multi,,,,business,men,s15,,,,,M0E0000000409,,TRUE
,410,M0E0000000410,EUR 15000;USD 16500,,,https://s3-eu-west-1.amazonaws.com/commercetools-maximilian/products/079560_1_large.jpg,,,,,,,,,,,,,,,,,,,,MT980 BB,79560,M0E20000000E1BC,79560,newbalance,no,,45.5,11.5,turquoise,multi,,multi,,,,sporty,men,s15,,,,,M0E0000000410,,TRUE
,411,M0E0000000411,EUR 18000;USD 19800,,,https://s3-eu-west-1.amazonaws.com/commercetools-maximilian/products/079560_1_large.jpg,,,,,,,,,,,,,,,,,,,,MT980 BB,79560,M0E20000000E1BC,79560,newbalance,no,,45.5,11.5,turquoise,multi,,multi,,,,evening,men,s15,,,,,M0E0000000411,,TRUE
,412,M0E0000000412,EUR 17000;USD 18700,,,https://s3-eu-west-1.amazonaws.com/commercetools-maximilian/products/079560_1_large.jpg,,,,,,,,,,,,,,,,,,,,MT980 BB,79560,M0E20000000E1BC,79560,newbalance,no,,45.5,11.5,petrol,multi,,multi,,,,business,men,s15,,,,,M0E0000000412,,TRUE
,413,M0E0000000413,EUR 15000;USD 16500,,,https://s3-eu-west-1.amazonaws.com/commercetools-maximilian/products/079560_1_large.jpg,,,,,,,,,,,,,,,,,,,,MT980 BB,79560,M0E20000000E1BC,79560,newbalance,no,,45.5,11.5,petrol,multi,,multi,,,,sporty,men,s15,,,,,M0E0000000413,,TRUE
,414,M0E0000000414,EUR 18000;USD 19800,,,https://s3-eu-west-1.amazonaws.com/commercetools-maximilian/products/079560_1_large.jpg,,,,,,,,,,,,,,,,,,,,MT980 BB,79560,M0E20000000E1BC,79560,newbalance,no,,45.5,11.5,petrol,multi,,multi,,,,evening,men,s15,,,,,M0E0000000414,,TRUE
,415,M0E0000000415,EUR 17000;USD 18700,,,https://s3-eu-west-1.amazonaws.com/commercetools-maximilian/products/079560_1_large.jpg,,,,,,,,,,,,,,,,,,,,MT980 BB,79560,M0E20000000E1BC,79560,newbalance,no,,45.5,11.5,green,multi,,multi,,,,business,men,s15,,,,,M0E0000000415,,TRUE
,416,M0E0000000416,EUR 15000;USD 16500,,,https://s3-eu-west-1.amazonaws.com/commercetools-maximilian/products/079560_1_large.jpg,,,,,,,,,,,,,,,,,,,,MT980 BB,79560,M0E20000000E1BC,79560,newbalance,no,,45.5,11.5,green,multi,,multi,,,,sporty,men,s15,,,,,M0E0000000416,,TRUE
,417,M0E0000000417,EUR 18000;USD 19800,,,https://s3-eu-west-1.amazonaws.com/commercetools-maximilian/products/079560_1_large.jpg,,,,,,,,,,,,,,,,,,,,MT980 BB,79560,M0E20000000E1BC,79560,newbalance,no,,45.5,11.5,green,multi,,multi,,,,evening,men,s15,,,,,M0E0000000417,,TRUE
,418,M0E0000000418,EUR 17000;USD 18700,,,https://s3-eu-west-1.amazonaws.com/commercetools-maximilian/products/079560_1_large.jpg,,,,,,,,,,,,,,,,,,,,MT980 BB,79560,M0E20000000E1BC,79560,newbalance,no,,45.5,11.5,red,multi,,multi,,,,business,men,s15,,,,,M0E0000000418,,TRUE
,419,M0E0000000419,EUR 15000;USD 16500,,,https://s3-eu-west-1.amazonaws.com/commercetools-maximilian/products/079560_1_large.jpg,,,,,,,,,,,,,,,,,,,,MT980 BB,79560,M0E20000000E1BC,79560,newbalance,no,,45.5,11.5,red,multi,,multi,,,,sporty,men,s15,,,,,M0E0000000419,,TRUE
,420,M0E0000000420,EUR 18000;USD 19800,,,https://s3-eu-west-1.amazonaws.com/commercetools-maximilian/products/079560_1_large.jpg,,,,,,,,,,,,,,,,,,,,MT980 BB,79560,M0E20000000E1BC,79560,newbalance,no,,45.5,11.5,red,multi,,multi,,,,evening,men,s15,,,,,M0E0000000420,,TRUE
,421,M0E0000000421,EUR 17000;USD 18700,,,https://s3-eu-west-1.amazonaws.com/commercetools-maximilian/products/079560_1_large.jpg,,,,,,,,,,,,,,,,,,,,MT980 BB,79560,M0E20000000E1BD,79560,newbalance,no,,46,12,black,multi,,multi,,,,business,men,s15,,,,,M0E0000000421,,TRUE
,422,M0E0000000422,EUR 15000;USD 16500,,,https://s3-eu-west-1.amazonaws.com/commercetools-maximilian/products/079560_1_large.jpg,,,,,,,,,,,,,,,,,,,,MT980 BB,79560,M0E20000000E1BD,79560,newbalance,no,,46,12,black,multi,,multi,,,,sporty,men,s15,,,,,M0E0000000422,,TRUE
,423,M0E0000000423,EUR 18000;USD 19800,,,https://s3-eu-west-1.amazonaws.com/commercetools-maximilian/products/079560_1_large.jpg,,,,,,,,,,,,,,,,,,,,MT980 BB,79560,M0E20000000E1BD,79560,newbalance,no,,46,12,black,multi,,multi,,,,evening,men,s15,,,,,M0E0000000423,,TRUE
,424,M0E0000000424,EUR 17000;USD 18700,,,https://s3-eu-west-1.amazonaws.com/commercetools-maximilian/products/079560_1_large.jpg,,,,,,,,,,,,,,,,,,,,MT980 BB,79560,M0E20000000E1BD,79560,newbalance,no,,46,12,grey,multi,,multi,,,,business,men,s15,,,,,M0E0000000424,,TRUE
,425,M0E0000000425,EUR 15000;USD 16500,,,https://s3-eu-west-1.amazonaws.com/commercetools-maximilian/products/079560_1_large.jpg,,,,,,,,,,,,,,,,,,,,MT980 BB,79560,M0E20000000E1BD,79560,newbalance,no,,46,12,grey,multi,,multi,,,,sporty,men,s15,,,,,M0E0000000425,,TRUE
,426,M0E0000000426,EUR 18000;USD 19800,,,https://s3-eu-west-1.amazonaws.com/commercetools-maximilian/products/079560_1_large.jpg,,,,,,,,,,,,,,,,,,,,MT980 BB,79560,M0E20000000E1BD,79560,newbalance,no,,46,12,grey,multi,,multi,,,,evening,men,s15,,,,,M0E0000000426,,TRUE
,427,M0E0000000427,EUR 17000;USD 18700,,,https://s3-eu-west-1.amazonaws.com/commercetools-maximilian/products/079560_1_large.jpg,,,,,,,,,,,,,,,,,,,,MT980 BB,79560,M0E20000000E1BD,79560,newbalance,no,,46,12,beige,multi,,multi,,,,business,men,s15,,,,,M0E0000000427,,TRUE
,428,M0E0000000428,EUR 15000;USD 16500,,,https://s3-eu-west-1.amazonaws.com/commercetools-maximilian/products/079560_1_large.jpg,,,,,,,,,,,,,,,,,,,,MT980 BB,79560,M0E20000000E1BD,79560,newbalance,no,,46,12,beige,multi,,multi,,,,sporty,men,s15,,,,,M0E0000000428,,TRUE
,429,M0E0000000429,EUR 18000;USD 19800,,,https://s3-eu-west-1.amazonaws.com/commercetools-maximilian/products/079560_1_large.jpg,,,,,,,,,,,,,,,,,,,,MT980 BB,79560,M0E20000000E1BD,79560,newbalance,no,,46,12,beige,multi,,multi,,,,evening,men,s15,,,,,M0E0000000429,,TRUE
,430,M0E0000000430,EUR 17000;USD 18700,,,https://s3-eu-west-1.amazonaws.com/commercetools-maximilian/products/079560_1_large.jpg,,,,,,,,,,,,,,,,,,,,MT980 BB,79560,M0E20000000E1BD,79560,newbalance,no,,46,12,white,multi,,multi,,,,business,men,s15,,,,,M0E0000000430,,TRUE
,431,M0E0000000431,EUR 15000;USD 16500,,,https://s3-eu-west-1.amazonaws.com/commercetools-maximilian/products/079560_1_large.jpg,,,,,,,,,,,,,,,,,,,,MT980 BB,79560,M0E20000000E1BD,79560,newbalance,no,,46,12,white,multi,,multi,,,,sporty,men,s15,,,,,M0E0000000431,,TRUE
,432,M0E0000000432,EUR 18000;USD 19800,,,https://s3-eu-west-1.amazonaws.com/commercetools-maximilian/products/079560_1_large.jpg,,,,,,,,,,,,,,,,,,,,MT980 BB,79560,M0E20000000E1BD,79560,newbalance,no,,46,12,white,multi,,multi,,,,evening,men,s15,,,,,M0E0000000432,,TRUE
,433,M0E0000000433,EUR 17000;USD 18700,,,https://s3-eu-west-1.amazonaws.com/commercetools-maximilian/products/079560_1_large.jpg,,,,,,,,,,,,,,,,,,,,MT980 BB,79560,M0E20000000E1BD,79560,newbalance,no,,46,12,blue,multi,,multi,,,,business,men,s15,,,,,M0E0000000433,,TRUE
,434,M0E0000000434,EUR 15000;USD 16500,,,https://s3-eu-west-1.amazonaws.com/commercetools-maximilian/products/079560_1_large.jpg,,,,,,,,,,,,,,,,,,,,MT980 BB,79560,M0E20000000E1BD,79560,newbalance,no,,46,12,blue,multi,,multi,,,,sporty,men,s15,,,,,M0E0000000434,,TRUE
,435,M0E0000000435,EUR 18000;USD 19800,,,https://s3-eu-west-1.amazonaws.com/commercetools-maximilian/products/079560_1_large.jpg,,,,,,,,,,,,,,,,,,,,MT980 BB,79560,M0E20000000E1BD,79560,newbalance,no,,46,12,blue,multi,,multi,,,,evening,men,s15,,,,,M0E0000000435,,TRUE
,436,M0E0000000436,EUR 17000;USD 18700,,,https://s3-eu-west-1.amazonaws.com/commercetools-maximilian/products/079560_1_large.jpg,,,,,,,,,,,,,,,,,,,,MT980 BB,79560,M0E20000000E1BD,79560,newbalance,no,,46,12,brown,multi,,multi,,,,business,men,s15,,,,,M0E0000000436,,TRUE
,437,M0E0000000437,EUR 15000;USD 16500,,,https://s3-eu-west-1.amazonaws.com/commercetools-maximilian/products/079560_1_large.jpg,,,,,,,,,,,,,,,,,,,,MT980 BB,79560,M0E20000000E1BD,79560,newbalance,no,,46,12,brown,multi,,multi,,,,sporty,men,s15,,,,,M0E0000000437,,TRUE
,438,M0E0000000438,EUR 18000;USD 19800,,,https://s3-eu-west-1.amazonaws.com/commercetools-maximilian/products/079560_1_large.jpg,,,,,,,,,,,,,,,,,,,,MT980 BB,79560,M0E20000000E1BD,79560,newbalance,no,,46,12,brown,multi,,multi,,,,evening,men,s15,,,,,M0E0000000438,,TRUE
,439,M0E0000000439,EUR 17000;USD 18700,,,https://s3-eu-west-1.amazonaws.com/commercetools-maximilian/products/079560_1_large.jpg,,,,,,,,,,,,,,,,,,,,MT980 BB,79560,M0E20000000E1BD,79560,newbalance,no,,46,12,turquoise,multi,,multi,,,,business,men,s15,,,,,M0E0000000439,,TRUE
,440,M0E0000000440,EUR 15000;USD 16500,,,https://s3-eu-west-1.amazonaws.com/commercetools-maximilian/products/079560_1_large.jpg,,,,,,,,,,,,,,,,,,,,MT980 BB,79560,M0E20000000E1BD,79560,newbalance,no,,46,12,turquoise,multi,,multi,,,,sporty,men,s15,,,,,M0E0000000440,,TRUE
,441,M0E0000000441,EUR 18000;USD 19800,,,https://s3-eu-west-1.amazonaws.com/commercetools-maximilian/products/079560_1_large.jpg,,,,,,,,,,,,,,,,,,,,MT980 BB,79560,M0E20000000E1BD,79560,newbalance,no,,46,12,turquoise,multi,,multi,,,,evening,men,s15,,,,,M0E0000000441,,TRUE
,442,M0E0000000442,EUR 17000;USD 18700,,,https://s3-eu-west-1.amazonaws.com/commercetools-maximilian/products/079560_1_large.jpg,,,,,,,,,,,,,,,,,,,,MT980 BB,79560,M0E20000000E1BD,79560,newbalance,no,,46,12,petrol,multi,,multi,,,,business,men,s15,,,,,M0E0000000442,,TRUE
,443,M0E0000000443,EUR 15000;USD 16500,,,https://s3-eu-west-1.amazonaws.com/commercetools-maximilian/products/079560_1_large.jpg,,,,,,,,,,,,,,,,,,,,MT980 BB,79560,M0E20000000E1BD,79560,newbalance,no,,46,12,petrol,multi,,multi,,,,sporty,men,s15,,,,,M0E0000000443,,TRUE
,444,M0E0000000444,EUR 18000;USD 19800,,,https://s3-eu-west-1.amazonaws.com/commercetools-maximilian/products/079560_1_large.jpg,,,,,,,,,,,,,,,,,,,,MT980 BB,79560,M0E20000000E1BD,79560,newbalance,no,,46,12,petrol,multi,,multi,,,,evening,men,s15,,,,,M0E0000000444,,TRUE
,445,M0E0000000445,EUR 17000;USD 18700,,,https://s3-eu-west-1.amazonaws.com/commercetools-maximilian/products/079560_1_large.jpg,,,,,,,,,,,,,,,,,,,,MT980 BB,79560,M0E20000000E1BD,79560,newbalance,no,,46,12,green,multi,,multi,,,,business,men,s15,,,,,M0E0000000445,,TRUE
,446,M0E0000000446,EUR 15000;USD 16500,,,https://s3-eu-west-1.amazonaws.com/commercetools-maximilian/products/079560_1_large.jpg,,,,,,,,,,,,,,,,,,,,MT980 BB,79560,M0E20000000E1BD,79560,newbalance,no,,46,12,green,multi,,multi,,,,sporty,men,s15,,,,,M0E0000000446,,TRUE
,447,M0E0000000447,EUR 18000;USD 19800,,,https://s3-eu-west-1.amazonaws.com/commercetools-maximilian/products/079560_1_large.jpg,,,,,,,,,,,,,,,,,,,,MT980 BB,79560,M0E20000000E1BD,79560,newbalance,no,,46,12,green,multi,,multi,,,,evening,men,s15,,,,,M0E0000000447,,TRUE
,448,M0E0000000448,EUR 17000;USD 18700,,,https://s3-eu-west-1.amazonaws.com/commercetools-maximilian/products/079560_1_large.jpg,,,,,,,,,,,,,,,,,,,,MT980 BB,79560,M0E20000000E1BD,79560,newbalance,no,,46,12,red,multi,,multi,,,,business,men,s15,,,,,M0E0000000448,,TRUE
,449,M0E0000000449,EUR 15000;USD 16500,,,https://s3-eu-west-1.amazonaws.com/commercetools-maximilian/products/079560_1_large.jpg,,,,,,,,,,,,,,,,,,,,MT980 BB,79560,M0E20000000E1BD,79560,newbalance,no,,46,12,red,multi,,multi,,,,sporty,men,s15,,,,,M0E0000000449,,TRUE
,450,M0E0000000450,EUR 18000;USD 19800,,,https://s3-eu-west-1.amazonaws.com/commercetools-maximilian/products/079560_1_large.jpg,,,,,,,,,,,,,,,,,,,,MT980 BB,79560,M0E20000000E1BD,79560,newbalance,no,,46,12,red,multi,,multi,,,,evening,men,s15,,,,,M0E0000000450,,TRUE
,451,M0E0000000451,EUR 17000;USD 18700,,,https://s3-eu-west-1.amazonaws.com/commercetools-maximilian/products/079560_1_large.jpg,,,,,,,,,,,,,,,,,,,,MT980 BB,79560,M0E20000000E1BE,79560,newbalance,no,,46.5,12.5,black,multi,,multi,,,,business,men,s15,,,,,M0E0000000451,,TRUE
,452,M0E0000000452,EUR 15000;USD 16500,,,https://s3-eu-west-1.amazonaws.com/commercetools-maximilian/products/079560_1_large.jpg,,,,,,,,,,,,,,,,,,,,MT980 BB,79560,M0E20000000E1BE,79560,newbalance,no,,46.5,12.5,black,multi,,multi,,,,sporty,men,s15,,,,,M0E0000000452,,TRUE
,453,M0E0000000453,EUR 18000;USD 19800,,,https://s3-eu-west-1.amazonaws.com/commercetools-maximilian/products/079560_1_large.jpg,,,,,,,,,,,,,,,,,,,,MT980 BB,79560,M0E20000000E1BE,79560,newbalance,no,,46.5,12.5,black,multi,,multi,,,,evening,men,s15,,,,,M0E0000000453,,TRUE
,454,M0E0000000454,EUR 17000;USD 18700,,,https://s3-eu-west-1.amazonaws.com/commercetools-maximilian/products/079560_1_large.jpg,,,,,,,,,,,,,,,,,,,,MT980 BB,79560,M0E20000000E1BE,79560,newbalance,no,,46.5,12.5,grey,multi,,multi,,,,business,men,s15,,,,,M0E0000000454,,TRUE
,455,M0E0000000455,EUR 15000;USD 16500,,,https://s3-eu-west-1.amazonaws.com/commercetools-maximilian/products/079560_1_large.jpg,,,,,,,,,,,,,,,,,,,,MT980 BB,79560,M0E20000000E1BE,79560,newbalance,no,,46.5,12.5,grey,multi,,multi,,,,sporty,men,s15,,,,,M0E0000000455,,TRUE
,456,M0E0000000456,EUR 18000;USD 19800,,,https://s3-eu-west-1.amazonaws.com/commercetools-maximilian/products/079560_1_large.jpg,,,,,,,,,,,,,,,,,,,,MT980 BB,79560,M0E20000000E1BE,79560,newbalance,no,,46.5,12.5,grey,multi,,multi,,,,evening,men,s15,,,,,M0E0000000456,,TRUE
,457,M0E0000000457,EUR 17000;USD 18700,,,https://s3-eu-west-1.amazonaws.com/commercetools-maximilian/products/079560_1_large.jpg,,,,,,,,,,,,,,,,,,,,MT980 BB,79560,M0E20000000E1BE,79560,newbalance,no,,46.5,12.5,beige,multi,,multi,,,,business,men,s15,,,,,M0E0000000457,,TRUE
,458,M0E0000000458,EUR 15000;USD 16500,,,https://s3-eu-west-1.amazonaws.com/commercetools-maximilian/products/079560_1_large.jpg,,,,,,,,,,,,,,,,,,,,MT980 BB,79560,M0E20000000E1BE,79560,newbalance,no,,46.5,12.5,beige,multi,,multi,,,,sporty,men,s15,,,,,M0E0000000458,,TRUE
,459,M0E0000000459,EUR 18000;USD 19800,,,https://s3-eu-west-1.amazonaws.com/commercetools-maximilian/products/079560_1_large.jpg,,,,,,,,,,,,,,,,,,,,MT980 BB,79560,M0E20000000E1BE,79560,newbalance,no,,46.5,12.5,beige,multi,,multi,,,,evening,men,s15,,,,,M0E0000000459,,TRUE
,460,M0E0000000460,EUR 17000;USD 18700,,,https://s3-eu-west-1.amazonaws.com/commercetools-maximilian/products/079560_1_large.jpg,,,,,,,,,,,,,,,,,,,,MT980 BB,79560,M0E20000000E1BE,79560,newbalance,no,,46.5,12.5,white,multi,,multi,,,,business,men,s15,,,,,M0E0000000460,,TRUE
,461,M0E0000000461,EUR 15000;USD 16500,,,https://s3-eu-west-1.amazonaws.com/commercetools-maximilian/products/079560_1_large.jpg,,,,,,,,,,,,,,,,,,,,MT980 BB,79560,M0E20000000E1BE,79560,newbalance,no,,46.5,12.5,white,multi,,multi,,,,sporty,men,s15,,,,,M0E0000000461,,TRUE
,462,M0E0000000462,EUR 18000;USD 19800,,,https://s3-eu-west-1.amazonaws.com/commercetools-maximilian/products/079560_1_large.jpg,,,,,,,,,,,,,,,,,,,,MT980 BB,79560,M0E20000000E1BE,79560,newbalance,no,,46.5,12.5,white,multi,,multi,,,,evening,men,s15,,,,,M0E0000000462,,TRUE
,463,M0E0000000463,EUR 17000;USD 18700,,,https://s3-eu-west-1.amazonaws.com/commercetools-maximilian/products/079560_1_large.jpg,,,,,,,,,,,,,,,,,,,,MT980 BB,79560,M0E20000000E1BE,79560,newbalance,no,,46.5,12.5,blue,multi,,multi,,,,business,men,s15,,,,,M0E0000000463,,TRUE
,464,M0E0000000464,EUR 15000;USD 16500,,,https://s3-eu-west-1.amazonaws.com/commercetools-maximilian/products/079560_1_large.jpg,,,,,,,,,,,,,,,,,,,,MT980 BB,79560,M0E20000000E1BE,79560,newbalance,no,,46.5,12.5,blue,multi,,multi,,,,sporty,men,s15,,,,,M0E0000000464,,TRUE
,465,M0E0000000465,EUR 18000;USD 19800,,,https://s3-eu-west-1.amazonaws.com/commercetools-maximilian/products/079560_1_large.jpg,,,,,,,,,,,,,,,,,,,,MT980 BB,79560,M0E20000000E1BE,79560,newbalance,no,,46.5,12.5,blue,multi,,multi,,,,evening,men,s15,,,,,M0E0000000465,,TRUE
,466,M0E0000000466,EUR 17000;USD 18700,,,https://s3-eu-west-1.amazonaws.com/commercetools-maximilian/products/079560_1_large.jpg,,,,,,,,,,,,,,,,,,,,MT980 BB,79560,M0E20000000E1BE,79560,newbalance,no,,46.5,12.5,brown,multi,,multi,,,,business,men,s15,,,,,M0E0000000466,,TRUE
,467,M0E0000000467,EUR 15000;USD 16500,,,https://s3-eu-west-1.amazonaws.com/commercetools-maximilian/products/079560_1_large.jpg,,,,,,,,,,,,,,,,,,,,MT980 BB,79560,M0E20000000E1BE,79560,newbalance,no,,46.5,12.5,brown,multi,,multi,,,,sporty,men,s15,,,,,M0E0000000467,,TRUE
,468,M0E0000000468,EUR 18000;USD 19800,,,https://s3-eu-west-1.amazonaws.com/commercetools-maximilian/products/079560_1_large.jpg,,,,,,,,,,,,,,,,,,,,MT980 BB,79560,M0E20000000E1BE,79560,newbalance,no,,46.5,12.5,brown,multi,,multi,,,,evening,men,s15,,,,,M0E0000000468,,TRUE
,469,M0E0000000469,EUR 17000;USD 18700,,,https://s3-eu-west-1.amazonaws.com/commercetools-maximilian/products/079560_1_large.jpg,,,,,,,,,,,,,,,,,,,,MT980 BB,79560,M0E20000000E1BE,79560,newbalance,no,,46.5,12.5,turquoise,multi,,multi,,,,business,men,s15,,,,,M0E0000000469,,TRUE
,470,M0E0000000470,EUR 15000;USD 16500,,,https://s3-eu-west-1.amazonaws.com/commercetools-maximilian/products/079560_1_large.jpg,,,,,,,,,,,,,,,,,,,,MT980 BB,79560,M0E20000000E1BE,79560,newbalance,no,,46.5,12.5,turquoise,multi,,multi,,,,sporty,men,s15,,,,,M0E0000000470,,TRUE
,471,M0E0000000471,EUR 18000;USD 19800,,,https://s3-eu-west-1.amazonaws.com/commercetools-maximilian/products/079560_1_large.jpg,,,,,,,,,,,,,,,,,,,,MT980 BB,79560,M0E20000000E1BE,79560,newbalance,no,,46.5,12.5,turquoise,multi,,multi,,,,evening,men,s15,,,,,M0E0000000471,,TRUE
,472,M0E0000000472,EUR 17000;USD 18700,,,https://s3-eu-west-1.amazonaws.com/commercetools-maximilian/products/079560_1_large.jpg,,,,,,,,,,,,,,,,,,,,MT980 BB,79560,M0E20000000E1BE,79560,newbalance,no,,46.5,12.5,petrol,multi,,multi,,,,business,men,s15,,,,,M0E0000000472,,TRUE
,473,M0E0000000473,EUR 15000;USD 16500,,,https://s3-eu-west-1.amazonaws.com/commercetools-maximilian/products/079560_1_large.jpg,,,,,,,,,,,,,,,,,,,,MT980 BB,79560,M0E20000000E1BE,79560,newbalance,no,,46.5,12.5,petrol,multi,,multi,,,,sporty,men,s15,,,,,M0E0000000473,,TRUE
,474,M0E0000000474,EUR 18000;USD 19800,,,https://s3-eu-west-1.amazonaws.com/commercetools-maximilian/products/079560_1_large.jpg,,,,,,,,,,,,,,,,,,,,MT980 BB,79560,M0E20000000E1BE,79560,newbalance,no,,46.5,12.5,petrol,multi,,multi,,,,evening,men,s15,,,,,M0E0000000474,,TRUE
,475,M0E0000000475,EUR 17000;USD 18700,,,https://s3-eu-west-1.amazonaws.com/commercetools-maximilian/products/079560_1_large.jpg,,,,,,,,,,,,,,,,,,,,MT980 BB,79560,M0E20000000E1BE,79560,newbalance,no,,46.5,12.5,green,multi,,multi,,,,business,men,s15,,,,,M0E0000000475,,TRUE
,476,M0E0000000476,EUR 15000;USD 16500,,,https://s3-eu-west-1.amazonaws.com/commercetools-maximilian/products/079560_1_large.jpg,,,,,,,,,,,,,,,,,,,,MT980 BB,79560,M0E20000000E1BE,79560,newbalance,no,,46.5,12.5,green,multi,,multi,,,,sporty,men,s15,,,,,M0E0000000476,,TRUE
,477,M0E0000000477,EUR 18000;USD 19800,,,https://s3-eu-west-1.amazonaws.com/commercetools-maximilian/products/079560_1_large.jpg,,,,,,,,,,,,,,,,,,,,MT980 BB,79560,M0E20000000E1BE,79560,newbalance,no,,46.5,12.5,green,multi,,multi,,,,evening,men,s15,,,,,M0E0000000477,,TRUE
,478,M0E0000000478,EUR 17000;USD 18700,,,https://s3-eu-west-1.amazonaws.com/commercetools-maximilian/products/079560_1_large.jpg,,,,,,,,,,,,,,,,,,,,MT980 BB,79560,M0E20000000E1BE,79560,newbalance,no,,46.5,12.5,red,multi,,multi,,,,business,men,s15,,,,,M0E0000000478,,TRUE
,479,M0E0000000479,EUR 15000;USD 16500,,,https://s3-eu-west-1.amazonaws.com/commercetools-maximilian/products/079560_1_large.jpg,,,,,,,,,,,,,,,,,,,,MT980 BB,79560,M0E20000000E1BE,79560,newbalance,no,,46.5,12.5,red,multi,,multi,,,,sporty,men,s15,,,,,M0E0000000479,,TRUE
,480,M0E0000000480,EUR 18000;USD 19800,,,https://s3-eu-west-1.amazonaws.com/commercetools-maximilian/products/079560_1_large.jpg,,,,,,,,,,,,,,,,,,,,MT980 BB,79560,M0E20000000E1BE,79560,newbalance,no,,46.5,12.5,red,multi,,multi,,,,evening,men,s15,,,,,M0E0000000480,,TRUE
,481,M0E0000000481,EUR 17000;USD 18700,,,https://s3-eu-west-1.amazonaws.com/commercetools-maximilian/products/079560_1_large.jpg,,,,,,,,,,,,,,,,,,,,MT980 BB,79560,M0E20000000E1BF,79560,newbalance,no,,47,13,black,multi,,multi,,,,business,men,s15,,,,,M0E0000000481,uk,TRUE
,482,M0E0000000482,EUR 15000;USD 16500,,,https://s3-eu-west-1.amazonaws.com/commercetools-maximilian/products/079560_1_large.jpg,,,,,,,,,,,,,,,,,,,,MT980 BB,79560,M0E20000000E1BF,79560,newbalance,no,,47,13,black,multi,,multi,,,,sporty,men,s15,,,,,M0E0000000482,uk,TRUE
,483,M0E0000000483,EUR 18000;USD 19800,,,https://s3-eu-west-1.amazonaws.com/commercetools-maximilian/products/079560_1_large.jpg,,,,,,,,,,,,,,,,,,,,MT980 BB,79560,M0E20000000E1BF,79560,newbalance,no,,47,13,black,multi,,multi,,,,evening,men,s15,,,,,M0E0000000483,uk,TRUE
,484,M0E0000000484,EUR 17000;USD 18700,,,https://s3-eu-west-1.amazonaws.com/commercetools-maximilian/products/079560_1_large.jpg,,,,,,,,,,,,,,,,,,,,MT980 BB,79560,M0E20000000E1BF,79560,newbalance,no,,47,13,grey,multi,,multi,,,,business,men,s15,,,,,M0E0000000484,uk,TRUE
,485,M0E0000000485,EUR 15000;USD 16500,,,https://s3-eu-west-1.amazonaws.com/commercetools-maximilian/products/079560_1_large.jpg,,,,,,,,,,,,,,,,,,,,MT980 BB,79560,M0E20000000E1BF,79560,newbalance,no,,47,13,grey,multi,,multi,,,,sporty,men,s15,,,,,M0E0000000485,uk,TRUE
,486,M0E0000000486,EUR 18000;USD 19800,,,https://s3-eu-west-1.amazonaws.com/commercetools-maximilian/products/079560_1_large.jpg,,,,,,,,,,,,,,,,,,,,MT980 BB,79560,M0E20000000E1BF,79560,newbalance,no,,47,13,grey,multi,,multi,,,,evening,men,s15,,,,,M0E0000000486,uk,TRUE
,487,M0E0000000487,EUR 17000;USD 18700,,,https://s3-eu-west-1.amazonaws.com/commercetools-maximilian/products/079560_1_large.jpg,,,,,,,,,,,,,,,,,,,,MT980 BB,79560,M0E20000000E1BF,79560,newbalance,no,,47,13,beige,multi,,multi,,,,business,men,s15,,,,,M0E0000000487,uk,TRUE
,488,M0E0000000488,EUR 15000;USD 16500,,,https://s3-eu-west-1.amazonaws.com/commercetools-maximilian/products/079560_1_large.jpg,,,,,,,,,,,,,,,,,,,,MT980 BB,79560,M0E20000000E1BF,79560,newbalance,no,,47,13,beige,multi,,multi,,,,sporty,men,s15,,,,,M0E0000000488,uk,TRUE
,489,M0E0000000489,EUR 18000;USD 19800,,,https://s3-eu-west-1.amazonaws.com/commercetools-maximilian/products/079560_1_large.jpg,,,,,,,,,,,,,,,,,,,,MT980 BB,79560,M0E20000000E1BF,79560,newbalance,no,,47,13,beige,multi,,multi,,,,evening,men,s15,,,,,M0E0000000489,uk,TRUE
,490,M0E0000000490,EUR 17000;USD 18700,,,https://s3-eu-west-1.amazonaws.com/commercetools-maximilian/products/079560_1_large.jpg,,,,,,,,,,,,,,,,,,,,MT980 BB,79560,M0E20000000E1BF,79560,newbalance,no,,47,13,white,multi,,multi,,,,business,men,s15,,,,,M0E0000000490,uk,TRUE
,491,M0E0000000491,EUR 15000;USD 16500,,,https://s3-eu-west-1.amazonaws.com/commercetools-maximilian/products/079560_1_large.jpg,,,,,,,,,,,,,,,,,,,,MT980 BB,79560,M0E20000000E1BF,79560,newbalance,no,,47,13,white,multi,,multi,,,,sporty,men,s15,,,,,M0E0000000491,uk,TRUE
,492,M0E0000000492,EUR 18000;USD 19800,,,https://s3-eu-west-1.amazonaws.com/commercetools-maximilian/products/079560_1_large.jpg,,,,,,,,,,,,,,,,,,,,MT980 BB,79560,M0E20000000E1BF,79560,newbalance,no,,47,13,white,multi,,multi,,,,evening,men,s15,,,,,M0E0000000492,uk,TRUE
,493,M0E0000000493,EUR 17000;USD 18700,,,https://s3-eu-west-1.amazonaws.com/commercetools-maximilian/products/079560_1_large.jpg,,,,,,,,,,,,,,,,,,,,MT980 BB,79560,M0E20000000E1BF,79560,newbalance,no,,47,13,blue,multi,,multi,,,,business,men,s15,,,,,M0E0000000493,uk,TRUE
,494,M0E0000000494,EUR 15000;USD 16500,,,https://s3-eu-west-1.amazonaws.com/commercetools-maximilian/products/079560_1_large.jpg,,,,,,,,,,,,,,,,,,,,MT980 BB,79560,M0E20000000E1BF,79560,newbalance,no,,47,13,blue,multi,,multi,,,,sporty,men,s15,,,,,M0E0000000494,uk,TRUE
,495,M0E0000000495,EUR 18000;USD 19800,,,https://s3-eu-west-1.amazonaws.com/commercetools-maximilian/products/079560_1_large.jpg,,,,,,,,,,,,,,,,,,,,MT980 BB,79560,M0E20000000E1BF,79560,newbalance,no,,47,13,blue,multi,,multi,,,,evening,men,s15,,,,,M0E0000000495,uk,TRUE
,496,M0E0000000496,EUR 17000;USD 18700,,,https://s3-eu-west-1.amazonaws.com/commercetools-maximilian/products/079560_1_large.jpg,,,,,,,,,,,,,,,,,,,,MT980 BB,79560,M0E20000000E1BF,79560,newbalance,no,,47,13,brown,multi,,multi,,,,business,men,s15,,,,,M0E0000000496,uk,TRUE
,497,M0E0000000497,EUR 15000;USD 16500,,,https://s3-eu-west-1.amazonaws.com/commercetools-maximilian/products/079560_1_large.jpg,,,,,,,,,,,,,,,,,,,,MT980 BB,79560,M0E20000000E1BF,79560,newbalance,no,,47,13,brown,multi,,multi,,,,sporty,men,s15,,,,,M0E0000000497,uk,TRUE
,498,M0E0000000498,EUR 18000;USD 19800,,,https://s3-eu-west-1.amazonaws.com/commercetools-maximilian/products/079560_1_large.jpg,,,,,,,,,,,,,,,,,,,,MT980 BB,79560,M0E20000000E1BF,79560,newbalance,no,,47,13,brown,multi,,multi,,,,evening,men,s15,,,,,M0E0000000498,uk,TRUE
,499,M0E0000000499,EUR 17000;USD 18700,,,https://s3-eu-west-1.amazonaws.com/commercetools-maximilian/products/079560_1_large.jpg,,,,,,,,,,,,,,,,,,,,MT980 BB,79560,M0E20000000E1BF,79560,newbalance,no,,47,13,turquoise,multi,,multi,,,,business,men,s15,,,,,M0E0000000499,uk,TRUE
,500,M0E0000000500,EUR 15000;USD 16500,,,https://s3-eu-west-1.amazonaws.com/commercetools-maximilian/products/079560_1_large.jpg,,,,,,,,,,,,,,,,,,,,MT980 BB,79560,M0E20000000E1BF,79560,newbalance,no,,47,13,turquoise,multi,,multi,,,,sporty,men,s15,,,,,M0E0000000500,uk,TRUE
,501,M0E0000000501,EUR 18000;USD 19800,,,https://s3-eu-west-1.amazonaws.com/commercetools-maximilian/products/079560_1_large.jpg,,,,,,,,,,,,,,,,,,,,MT980 BB,79560,M0E20000000E1BF,79560,newbalance,no,,47,13,turquoise,multi,,multi,,,,evening,men,s15,,,,,M0E0000000501,uk,TRUE
,502,M0E0000000502,EUR 17000;USD 18700,,,https://s3-eu-west-1.amazonaws.com/commercetools-maximilian/products/079560_1_large.jpg,,,,,,,,,,,,,,,,,,,,MT980 BB,79560,M0E20000000E1BF,79560,newbalance,no,,47,13,petrol,multi,,multi,,,,business,men,s15,,,,,M0E0000000502,uk,TRUE
,503,M0E0000000503,EUR 15000;USD 16500,,,https://s3-eu-west-1.amazonaws.com/commercetools-maximilian/products/079560_1_large.jpg,,,,,,,,,,,,,,,,,,,,MT980 BB,79560,M0E20000000E1BF,79560,newbalance,no,,47,13,petrol,multi,,multi,,,,sporty,men,s15,,,,,M0E0000000503,uk,TRUE
,504,M0E0000000504,EUR 18000;USD 19800,,,https://s3-eu-west-1.amazonaws.com/commercetools-maximilian/products/079560_1_large.jpg,,,,,,,,,,,,,,,,,,,,MT980 BB,79560,M0E20000000E1BF,79560,newbalance,no,,47,13,petrol,multi,,multi,,,,evening,men,s15,,,,,M0E0000000504,uk,TRUE
,505,M0E0000000505,EUR 17000;USD 18700,,,https://s3-eu-west-1.amazonaws.com/commercetools-maximilian/products/079560_1_large.jpg,,,,,,,,,,,,,,,,,,,,MT980 BB,79560,M0E20000000E1BF,79560,newbalance,no,,47,13,green,multi,,multi,,,,business,men,s15,,,,,M0E0000000505,uk,TRUE
,506,M0E0000000506,EUR 15000;USD 16500,,,https://s3-eu-west-1.amazonaws.com/commercetools-maximilian/products/079560_1_large.jpg,,,,,,,,,,,,,,,,,,,,MT980 BB,79560,M0E20000000E1BF,79560,newbalance,no,,47,13,green,multi,,multi,,,,sporty,men,s15,,,,,M0E0000000506,uk,TRUE
,507,M0E0000000507,EUR 18000;USD 19800,,,https://s3-eu-west-1.amazonaws.com/commercetools-maximilian/products/079560_1_large.jpg,,,,,,,,,,,,,,,,,,,,MT980 BB,79560,M0E20000000E1BF,79560,newbalance,no,,47,13,green,multi,,multi,,,,evening,men,s15,,,,,M0E0000000507,uk,TRUE
,508,M0E0000000508,EUR 17000;USD 18700,,,https://s3-eu-west-1.amazonaws.com/commercetools-maximilian/products/079560_1_large.jpg,,,,,,,,,,,,,,,,,,,,MT980 BB,79560,M0E20000000E1BF,79560,newbalance,no,,47,13,red,multi,,multi,,,,business,men,s15,,,,,M0E0000000508,uk,TRUE
,509,M0E0000000509,EUR 15000;USD 16500,,,https://s3-eu-west-1.amazonaws.com/commercetools-maximilian/products/079560_1_large.jpg,,,,,,,,,,,,,,,,,,,,MT980 BB,79560,M0E20000000E1BF,79560,newbalance,no,,47,13,red,multi,,multi,,,,sporty,men,s15,,,,,M0E0000000509,uk,TRUE
,510,M0E0000000510,EUR 18000;USD 19800,,,https://s3-eu-west-1.amazonaws.com/commercetools-maximilian/products/079560_1_large.jpg,,,,,,,,,,,,,,,,,,,,MT980 BB,79560,M0E20000000E1BF,79560,newbalance,no,,47,13,red,multi,,multi,,,,evening,men,s15,,,,,M0E0000000510,uk,TRUE
main,1,M0E0000000601,EUR 3500;USD 3850,standard,Men>Clothing>Shirts,https://s3-eu-west-1.amazonaws.com/commercetools-maximilian/products/082405_1_large.jpg,T-Shirt Adidas black,Premium cotton t-shirt,adidas-tshirt-black,Adidas T-Shirt,Comfortable black t-shirt,adidas;tshirt;men,T-Shirt Adidas schwarz,Premium Baumwolle T-Shirt,adidas-tshirt-schwarz,Adidas T-Shirt,Bequemes schwarzes T-Shirt,adidas;tshirt;herren,T-Shirt Adidas nero,Maglietta di cotone premium,adidas-tshirt-nero,Adidas T-Shirt,Comoda maglietta nera,adidas;tshirt;uomo,,TSHIRT-001,82405,M0E20000000E2AA,82405,adidas,no,,M,M,black,black,100% Cotton,schwarz,100% Baumwolle,nero,100% Cotone,casual,men,s15,TRUE,,,,M0E0000000601,,FALSE
,2,M0E0000000602,EUR 3500;USD 3850,standard,,https://s3-eu-west-1.amazonaws.com/commercetools-maximilian/products/082405_1_large.jpg,,,,,,,,,,,,,,,,,,,,TSHIRT-001,82405,M0E20000000E2AA,82405,adidas,no,,L,L,black,black,100% Cotton,schwarz,100% Baumwolle,nero,100% Cotone,casual,men,s15,TRUE,,,,M0E0000000602,,FALSE
,3,M0E0000000603,EUR 3500;USD 3850,standard,,https://s3-eu-west-1.amazonaws.com/commercetools-maximilian/products/082405_1_large.jpg,,,,,,,,,,,,,,,,,,,,TSHIRT-001,82405,M0E20000000E2AA,82405,adidas,no,,XL,XL,black,black,100% Cotton,schwarz,100% Baumwolle,nero,100% Cotone,casual,men,s15,TRUE,,,,M0E0000000603,,FALSE
